date,portfolio_return,expected_return,portfolio_risk,sharpe,n_stocks,window_start,window_end
2023-03-31,0.02697074518550814,0.007208480316345348,0.0007389245340692279,0.2578826725305212,10,2023-01-04,2023-03-30
2023-04-03,0.009596451821916086,0.007257806540106369,0.0006038139066348769,0.2872869207346578,10,2023-01-05,2023-03-31
2023-04-04,-0.0012377697864515017,0.007476062335518292,0.0006018984868992272,0.2966398659855099,10,2023-01-06,2023-04-03
2023-04-05,-0.019831995163875956,0.007287809761838945,0.0008894757962528172,0.23770714291097916,10,2023-01-09,2023-04-04
2023-04-06,0.013213908063114288,0.006767002460569276,0.0007579034766179146,0.23859711488503796,10,2023-01-10,2023-04-05
2023-04-10,0.00842549459499841,0.006689434679575704,0.0006681768398039787,0.2511119433604149,10,2023-01-11,2023-04-06
2023-04-11,0.0025154020700472917,0.006929725097521526,0.00053231535023923,0.2917529457435101,10,2023-01-12,2023-04-10
2023-04-12,0.002689350855061941,0.006658408334025326,0.0005301848211391808,0.2805553647818535,10,2023-01-13,2023-04-11
2023-04-13,0.020163756497232507,0.006263061927752826,0.0004494758559261755,0.2860569480674731,10,2023-01-17,2023-04-12
2023-04-14,0.011262157967840535,0.006479223462461764,0.0005516360593043767,0.2674172282730266,10,2023-01-18,2023-04-13
2023-04-17,-0.00825713176665154,0.006862295536535179,0.0005462594697100407,0.2851201176862583,10,2023-01-19,2023-04-14
2023-04-18,0.011092437046824551,0.006922754049513854,0.0004482151815921491,0.31761899579320513,10,2023-01-20,2023-04-17
2023-04-19,0.0008213000152620498,0.006624424030170409,0.0004401706919040258,0.30628866422360634,10,2023-01-23,2023-04-18
2023-04-20,0.00916052366608912,0.006443211051987452,0.00044022699818801347,0.2976323138611032,10,2023-01-24,2023-04-19
2023-04-21,0.006383146828926257,0.006483271076020148,0.00044039646290422566,0.2994839707164028,10,2023-01-25,2023-04-20
2023-04-24,-0.010160630296244208,0.0064966388034295875,0.00044033451570857005,0.30014207527993486,10,2023-01-26,2023-04-21
2023-04-25,-0.02017875736106991,0.005923976168307093,0.00043942933087710097,0.27313270789609384,10,2023-01-27,2023-04-24
2023-04-26,0.010436998834631256,0.00557366308147444,0.00040765746520511463,0.2662263247630718,10,2023-01-30,2023-04-25
2023-04-27,0.02850453587663785,0.005881151622820368,0.00038506305019104966,0.28959547969225585,10,2023-01-31,2023-04-26
2023-04-28,0.0036070435978223466,0.00611333817222512,0.0005357957383784195,0.2555345615694691,10,2023-02-01,2023-04-27
2023-05-01,0.0055363437435006265,0.005833179517076101,0.0005324793589243816,0.24418813499832842,10,2023-02-02,2023-04-28
2023-05-02,-0.009496640898141251,0.003951412857255199,0.00020534603168903,0.2618999542119674,10,2023-02-03,2023-05-01
2023-05-03,0.003106481420002486,0.0037388408708102735,0.00019727653234133822,0.25206820695037796,10,2023-02-06,2023-05-02
2023-05-04,-0.018794671844389613,0.003942329503108597,0.00020604650460279318,0.26082160359982376,10,2023-02-07,2023-05-03
2023-05-05,0.0007736601238456007,0.0031225346910091684,0.0001900533962043552,0.21210830168071124,10,2023-02-08,2023-05-04
2023-05-08,0.0013414889508898834,0.003597387153784637,0.0002417136263795488,0.21862374572558274,10,2023-02-09,2023-05-05
2023-05-09,-0.003421368809239216,0.0038788845729545336,0.00022476693327715732,0.24549196962918793,10,2023-02-10,2023-05-08
2023-05-10,0.0055665070012318255,0.004007074508043835,0.00022184635279476626,0.2557091459084671,10,2023-02-13,2023-05-09
2023-05-11,0.01033961216185758,0.004213253812994355,0.00041995300367220727,0.19591514724299983,10,2023-02-14,2023-05-10
2023-05-12,-0.005720639207904267,0.004411067367252648,0.00042001538007635866,0.20555273537146615,10,2023-02-15,2023-05-11
2023-05-15,0.011604101088583124,0.004245635495095008,0.00038190757596783074,0.2070989865266882,10,2023-02-16,2023-05-12
2023-05-16,0.0002177050019793955,0.00483663025656231,0.00036913376853028244,0.24141220627795634,10,2023-02-17,2023-05-15
2023-05-17,0.006737514685176864,0.004762559904136826,0.0003695123128915105,0.2374352435237808,10,2023-02-21,2023-05-16
2023-05-18,0.0100046922885854,0.0055991882393991435,0.00036164157565238904,0.28399909066468154,10,2023-02-22,2023-05-17
2023-05-19,-0.014951123259270114,0.005709101823137102,0.0003983831870927203,0.27609300827423405,10,2023-02-23,2023-05-18
2023-05-22,-0.0038362426958924306,0.005294250917995489,0.00035487254854777095,0.27050757226242145,10,2023-02-24,2023-05-19
2023-05-23,-0.010393598590759851,0.00542891031901714,0.000317922934473174,0.2933472878165295,10,2023-02-27,2023-05-22
2023-05-24,0.007176444818153495,0.005354225076884804,0.00039746659361994255,0.2586108765299483,10,2023-02-28,2023-05-23
2023-05-25,0.0017783425901893167,0.005286597196610051,0.00043076921031084606,0.24515486799208072,10,2023-03-01,2023-05-24
2023-05-26,0.0063770040947905395,0.005639867925680891,0.0003935605774454383,0.2742895508746195,10,2023-03-02,2023-05-25
2023-05-30,0.0057703809459218516,0.005546255968436761,0.0002609665656902624,0.3310443903378539,10,2023-03-03,2023-05-26
2023-05-31,0.0010401016955970635,0.0051823297307736155,0.00029428777584011395,0.29052578953184144,10,2023-03-06,2023-05-30
2023-06-01,0.026915097699188904,0.005538221406980454,0.00033753479111775595,0.2906473883645599,10,2023-03-07,2023-05-31
2023-06-02,0.017009765183344204,0.006025216584504487,0.00036786802013936347,0.3037976299667422,10,2023-03-08,2023-06-01
2023-06-05,0.016387210511796115,0.0063774242531039575,0.00037421431585168535,0.3194175735324244,10,2023-03-09,2023-06-02
2023-06-06,-0.0023074499033576053,0.0069926385525020595,0.00035994702700418085,0.35811349072460275,10,2023-03-10,2023-06-05
2023-06-07,-0.015999660411542462,0.007601505034396599,0.0004930740783580847,0.3333934616788088,10,2023-03-13,2023-06-06
2023-06-08,0.04509414823094243,0.007434259920520486,0.0004948384849681931,0.32528021799234547,10,2023-03-14,2023-06-07
2023-06-09,-0.031429729780377585,0.00850045511643966,0.0008176966360127398,0.29032794557897457,10,2023-03-15,2023-06-08
2023-06-12,0.03339093508067637,0.008081629305480972,0.0008312165078442469,0.2734301360132874,10,2023-03-16,2023-06-09
2023-06-13,0.01729575782624099,0.008333047091404694,0.0008530266575749684,0.2785202237616226,10,2023-03-17,2023-06-12
2023-06-14,-0.041548243805093726,0.009106173555517292,0.0008164641475427969,0.3117453528837844,10,2023-03-20,2023-06-13
2023-06-15,0.01306005912852656,0.00852739141420631,0.0008552905728723686,0.28479667078856075,10,2023-03-21,2023-06-14
2023-06-16,-0.01508479640701293,0.007530215482993223,0.0007845127911132077,0.26176450631371806,10,2023-03-22,2023-06-15
2023-06-20,-0.016996033496577738,0.007879283773158698,0.0007787281632362184,0.2752437924267851,10,2023-03-23,2023-06-16
2023-06-21,-0.014777204355042223,0.007243467369708424,0.0007858185941747686,0.25131778052997994,10,2023-03-24,2023-06-20
2023-06-22,-0.0015509014392503676,0.006654579080365768,0.0007906809097146077,0.22960116422737525,10,2023-03-27,2023-06-21
2023-06-23,0.002645133007337969,0.006713910084827384,0.0005082556539064292,0.28900573686552217,10,2023-03-28,2023-06-22
2023-06-26,-0.0123469159304641,0.007254081019167462,0.0004856849422103676,0.32015540291933753,10,2023-03-29,2023-06-23
2023-06-27,0.021813890742160016,0.006466452536100208,0.0004695293833650637,0.28926797685572075,10,2023-03-30,2023-06-26
2023-06-28,0.006232760015391614,0.0067637359195505745,0.0004733405661548449,0.3017652640266788,10,2023-03-31,2023-06-27
2023-06-29,-0.006702427688609964,0.006347685538500575,0.0004630519414368359,0.28576491452251024,10,2023-04-03,2023-06-28
2023-06-30,0.007436578906620395,0.0062485108255194285,0.0004650741544083126,0.280544212609563,10,2023-04-04,2023-06-29
2023-07-03,0.007493326277409814,0.006646256289570698,0.0004562214174685588,0.30187465879214626,10,2023-04-05,2023-06-30
2023-07-05,-0.00795381034060214,0.007135176437101182,0.00044223499199382406,0.32986052759309303,10,2023-04-06,2023-07-03
2023-07-06,-0.03248537841993828,0.0070607927015881805,0.0004441745591700508,0.325610140217562,10,2023-04-10,2023-07-05
2023-07-07,-0.0020655003666260555,0.006307536847029526,0.0003184426022436319,0.34234450892222146,10,2023-04-11,2023-07-06
2023-07-10,0.018735609103273015,0.0062728258087839045,0.00031895898604346486,0.34012370461321095,10,2023-04-12,2023-07-07
2023-07-11,0.014480369448740503,0.006877522738863424,0.0004680444030067197,0.3087273240082035,10,2023-04-13,2023-07-10
2023-07-12,0.01852628407095586,0.006708780159892745,0.0004636687093205111,0.30234417486049137,10,2023-04-14,2023-07-11
2023-07-13,0.013007221281331307,0.00710922450744149,0.000463346142285392,0.32105267212468563,10,2023-04-17,2023-07-12
2023-07-14,-0.0016435912372145655,0.007173575035289813,0.00047253262622351245,0.32087687370759976,10,2023-04-18,2023-07-13
2023-07-17,0.014325779960951843,0.007062722026021939,0.0004737582808603495,0.3153685903810317,10,2023-04-19,2023-07-14
2023-07-18,-0.015661517857831306,0.007247004141051365,0.00047437389060532256,0.32362491361155027,10,2023-04-20,2023-07-17
2023-07-19,0.013504223012422427,0.0072010875208708145,0.0007583980096211228,0.25428185207989906,10,2023-04-21,2023-07-18
2023-07-20,-0.027268139417502876,0.007302169885226386,0.0007590600388102133,0.25783985168402224,10,2023-04-24,2023-07-19
2023-07-21,-0.0042989084494362674,0.0070600108034551785,0.0007724491165464674,0.2468825162798788,10,2023-04-25,2023-07-20
2023-07-24,-0.004890979724048688,0.007548055767274451,0.0007463981459421852,0.2690177715181631,10,2023-04-26,2023-07-21
2023-07-25,0.012816231346164634,0.007398365346467508,0.0007487852408118961,0.2631182675001561,10,2023-04-27,2023-07-24
2023-07-26,0.0034247394908555493,0.007240284838366981,0.0007340359363034664,0.25991388005796273,10,2023-04-28,2023-07-25
2023-07-27,-0.039270406860135026,0.007404681410231721,0.0007489542432971275,0.2633193703341664,10,2023-05-01,2023-07-26
2023-07-28,0.03376979168936645,0.006455227303090832,0.0007573354166853616,0.22735743004484307,10,2023-05-02,2023-07-27
2023-07-31,0.04881349285482272,0.007915391598838051,0.0007419406762801424,0.28331053253762645,10,2023-05-03,2023-07-28
2023-08-01,-0.0003999574580156775,0.008537080084902886,0.0008010699111510282,0.2946194671283098,10,2023-05-04,2023-07-31
2023-08-02,-0.04534368856275813,0.008633114238167233,0.0007726256231659783,0.3034486185944943,10,2023-05-05,2023-08-01
2023-08-03,-0.006782169298195317,0.006879167974431821,0.0006522086664093795,0.2615967107402361,10,2023-05-08,2023-08-02
2023-08-04,-0.028561667936145858,0.005881797325564592,0.000618213846180096,0.22857971274513975,10,2023-05-09,2023-08-03
2023-08-07,0.000903539352120339,0.0054584941072365655,0.0004077331870172676,0.26049802356319596,10,2023-05-10,2023-08-04
2023-08-08,0.0005409679908618245,0.005173460760413471,0.00042343820032240633,0.2417699167545365,10,2023-05-11,2023-08-07
2023-08-09,0.009979579985725382,0.00505442466920064,0.00042372400892715746,0.2359055781914311,10,2023-05-12,2023-08-08
2023-08-10,-0.0006355835684351503,0.005343171119287323,0.00042144441262428965,0.25060794445993667,10,2023-05-15,2023-08-09
2023-08-11,-0.0009091137909986608,0.0051156700796428966,0.00032353954603113347,0.2733752873928658,10,2023-05-16,2023-08-10
2023-08-14,0.017766842840570306,0.0053494896281674215,0.0003172828772716885,0.28918430317874555,10,2023-05-17,2023-08-11
2023-08-15,-0.014439856160616407,0.005360156437619036,0.00031753985434431105,0.2896658628891153,10,2023-05-18,2023-08-14
2023-08-16,-0.019189635327079752,0.004781831058677697,0.00032660413663938815,0.2536171729474898,10,2023-05-19,2023-08-15
2023-08-17,-0.05630099459012007,0.004712089243606356,0.00033415481401481473,0.24692017175685743,10,2023-05-22,2023-08-16
2023-08-18,0.01048408915182389,0.004049080028015885,0.00037053606437646453,0.20004180096963586,10,2023-05-23,2023-08-17
2023-08-21,0.010326505514241316,0.004405789232679396,0.00038619464171413997,0.21409585356303235,10,2023-05-24,2023-08-18
2023-08-22,-0.0052505374880499195,0.004433186611038071,0.000367705205586649,0.22084132170920898,10,2023-05-25,2023-08-21
2023-08-23,0.011282815357071652,0.003936180087970686,0.00029663749309888273,0.21701974409484132,10,2023-05-26,2023-08-22
2023-08-24,-0.028335722261794233,0.004209036920520909,0.0003424666051688477,0.2167219280516705,10,2023-05-30,2023-08-23
2023-08-25,0.012262262397171852,0.0036188873179981793,0.0003464178021377025,0.18377493123902114,10,2023-05-31,2023-08-24
2023-08-28,0.002926367870834858,0.004362794670696595,0.0005242981571461575,0.18187013544485528,10,2023-06-01,2023-08-25
2023-08-29,0.03554431074462196,0.004009324883973724,0.0005175802649273434,0.16750974800907104,10,2023-06-02,2023-08-28
2023-08-30,0.02325423816337528,0.003985504825817907,0.0005136806090848457,0.16709339471177415,10,2023-06-05,2023-08-29
2023-08-31,0.021334192655626204,0.004229866386911541,0.0008697870167198499,0.13669581333564007,10,2023-06-06,2023-08-30
2023-09-01,0.020475091529794764,0.004480816293445341,0.0008746505892072027,0.14480057851241196,10,2023-06-07,2023-08-31
2023-09-05,0.004878723044423398,0.00485318730464155,0.0009102766021313987,0.1542808294600066,11,2023-06-08,2023-09-01
2023-09-06,0.0013335992938131843,0.0041295556053189955,0.0003319807433491356,0.21575575208006334,10,2023-06-09,2023-09-05
2023-09-07,0.0126989225493867,0.004480203315037216,0.0004899999806058751,0.19343158598945148,10,2023-06-12,2023-09-06
2023-09-08,-0.009747892049941604,0.004225619371044402,0.000439851258174668,0.19202200338474573,10,2023-06-13,2023-09-07
2023-09-11,0.0030775307834513006,0.00385745594265363,0.00031490544688984136,0.2061946788190088,10,2023-06-14,2023-09-08
2023-09-12,0.0024948205649440096,0.004657342118220422,0.0006779288742231609,0.17125313497126604,10,2023-06-15,2023-09-11
2023-09-13,-0.007534743977627625,0.004470518849611286,0.0006766346892262827,0.1642346933974346,10,2023-06-16,2023-09-12
2023-09-14,0.0077029783966306754,0.004567551865142895,0.0006688654524904684,0.16893766766880747,10,2023-06-20,2023-09-13
2023-09-15,0.0003854258700741799,0.004997759754313514,0.0006651019407830608,0.1860964322064399,10,2023-06-21,2023-09-14
2023-09-18,0.011117613682007064,0.005228744375707631,0.0006719447686129562,0.19405723146166162,10,2023-06-22,2023-09-15
2023-09-19,-0.025789303368612213,0.005447031436994662,0.0006715376296214462,0.20253955350492783,10,2023-06-23,2023-09-18
2023-09-20,-0.032064898943361765,0.005070281317163805,0.0006867134037710842,0.18591216320586518,10,2023-06-26,2023-09-19
2023-09-21,-0.05338010131540483,0.004653433377515648,0.0007073648821567497,0.16750507711009266,10,2023-06-27,2023-09-20
2023-09-22,-0.023496706669048944,0.003425279817414553,0.0007554169406481354,0.11740530475115976,10,2023-06-28,2023-09-21
2023-09-25,0.003469327247618274,0.0029275029906870973,0.0007587674953764359,0.09907487749726054,10,2023-06-29,2023-09-22
2023-09-26,-0.013833846325464949,0.0031142568967377038,0.0007666913488172401,0.10530622189746915,10,2023-06-30,2023-09-25
2023-09-27,0.012013831816712566,0.00278852453587142,0.0007713246603167849,0.09326096541843928,10,2023-07-03,2023-09-26
2023-09-28,0.014574708150094555,0.0026636895237517385,0.0007680351532945161,0.08895597875372205,10,2023-07-05,2023-09-27
2023-09-29,0.006421112256770577,0.0031946811567810647,0.0007689707309877224,0.10805025995101467,10,2023-07-06,2023-09-28
2023-10-02,-0.010811643811952907,0.004172725229445468,0.0007264947565610729,0.14745033798502755,10,2023-07-07,2023-09-29
2023-10-03,-0.06898938281394187,0.004079816511844212,0.0007146170060300071,0.1451951644843631,10,2023-07-10,2023-10-02
2023-10-04,-0.009068968470199702,0.002286407970558699,0.0007585203256424331,0.07581338675173047,10,2023-07-11,2023-10-03
2023-10-05,-0.01925127005390137,0.001497301633219774,0.0007298900860365458,0.04807765570938291,10,2023-07-12,2023-10-04
2023-10-06,0.015469069646953451,0.0009622900346964297,0.000738810629293028,0.0281032829440295,10,2023-07-13,2023-10-05
2023-10-09,0.025037898591356408,0.0007410549310522055,0.0007292514756119977,0.020094394814476484,10,2023-07-14,2023-10-06
2023-10-10,0.033469972811043025,0.0014540941376613645,0.0007329851043038126,0.0463801232828794,10,2023-07-17,2023-10-09
2023-10-11,0.007521758446911226,0.0017276503356379819,0.0007379105439025626,0.056295427136061914,10,2023-07-18,2023-10-10
2023-10-12,-0.04212292453179132,0.0020413522756913267,0.0007355027160096636,0.06795461474171079,10,2023-07-19,2023-10-11
2023-10-13,-0.007898349606597998,0.001042633736886174,0.0007903942725936545,0.030028544138368782,10,2023-07-20,2023-10-12
2023-10-16,0.029740977019979877,0.0013771015388731294,0.0005477743539788894,0.050361461186502206,11,2023-07-21,2023-10-13
2023-10-17,0.030598200278633688,0.0018881771877725358,0.00060982547021084,0.06842635365910812,11,2023-07-24,2023-10-16
2023-10-18,-0.033123836628918324,0.002529578138340854,0.0008592003486277616,0.07952906419033054,10,2023-07-25,2023-10-17
2023-10-19,-0.009656794998450085,0.0019197942012341989,0.000623551322143129,0.06893519810194972,10,2023-07-26,2023-10-18
2023-10-20,-0.0271227094454537,0.0016951989357019924,0.0005936573237194111,0.06143160533935651,10,2023-07-27,2023-10-19
2023-10-23,0.01213287843407157,0.0018355334580336207,0.0008037002211529424,0.05774756417864602,10,2023-07-28,2023-10-20
2023-10-24,0.040922739422688904,0.0014548309199700713,0.0007867332677174172,0.04479406410223718,10,2023-07-31,2023-10-23
2023-10-25,-0.03230286675197898,0.0018850162235346355,0.00044690915034582645,0.07978171692917355,10,2023-08-01,2023-10-24
2023-10-26,-0.031673121565742667,0.0014312988737841608,0.0004098203114342163,0.06090125483545555,10,2023-08-02,2023-10-25
2023-10-27,0.0026985655103022037,0.0013608210484765642,0.0004403733991168959,0.05539214464247012,10,2023-08-03,2023-10-26
2023-10-30,0.014834653870566962,0.0013564315698256814,0.00044693225649884195,0.054776563766930915,10,2023-08-04,2023-10-27
2023-10-31,-0.015650597275905544,0.0016811606689261683,0.0004492761030056947,0.06995369782331758,10,2023-08-07,2023-10-30
2023-11-01,0.00830081817164109,0.0020006362802463726,0.0007726946561949097,0.06483428296539204,10,2023-08-08,2023-10-31
2023-11-02,0.044612161916623726,0.0022721874385354494,0.00045868115595211993,0.09682915212240306,10,2023-08-09,2023-11-01
2023-11-03,0.03361713375367541,0.003781882818123572,0.0008836030917898698,0.12055220895419634,10,2023-08-10,2023-11-02
2023-11-06,-0.01411624033938747,0.004600849540264526,0.0009090677042760562,0.14601417473175457,10,2023-08-11,2023-11-03
2023-11-07,0.008226096419806234,0.004286405598051738,0.0009146766718236682,0.13516876007108605,10,2023-08-14,2023-11-06
2023-11-08,0.005656826562257062,0.004369950484209234,0.0008884421041399217,0.13995280728632822,10,2023-08-15,2023-11-07
2023-11-09,0.05053073610667326,0.005054305448247625,0.0008904078595682089,0.16273261084369248,10,2023-08-16,2023-11-08
2023-11-10,-0.03114531236486385,0.006063946117022078,0.0009248561187206985,0.1928725511593077,10,2023-08-17,2023-11-09
2023-11-13,0.01028640706662038,0.005892397843382091,0.0009315662264177243,0.18655610289221522,10,2023-08-18,2023-11-10
2023-11-14,0.05495473648855055,0.005957058172888431,0.0009356757051096425,0.1882598309791331,10,2023-08-21,2023-11-13
2023-11-15,0.010105585929282618,0.006811544965498441,0.0009715402389735335,0.21216649954624164,10,2023-08-22,2023-11-14
2023-11-16,-0.029812680689155827,0.0072479953459767535,0.0009867562198825276,0.22441840364874469,10,2023-08-23,2023-11-15
2023-11-17,0.0010406822735919915,0.006551839909714707,0.0009853032899878869,0.20240586418166057,10,2023-08-24,2023-11-16
2023-11-20,0.014112004852924605,0.007067166529525305,0.0009868376342721168,0.21865282805062777,10,2023-08-25,2023-11-17
2023-11-21,-0.013732963872954668,0.005309302665091682,0.0007724074522588943,0.18389643150196727,10,2023-08-28,2023-11-20
2023-11-22,0.017075713978370283,0.00494365443489656,0.0007700225931018597,0.17100413262475384,10,2023-08-29,2023-11-21
2023-11-24,0.013359328755626872,0.004583699153837906,0.0007530234039623776,0.1598062383569157,10,2023-08-30,2023-11-22
2023-11-27,0.05126663071318134,0.00440930967727765,0.0007536745856511202,0.1533849253716641,10,2023-08-31,2023-11-24
2023-11-28,0.04788787148132904,0.004953886768325815,0.0007820403157986965,0.1700510215364929,10,2023-09-01,2023-11-27
2023-11-29,0.014231537918968957,0.00534478148996982,0.0008511349496293843,0.17640126339766718,10,2023-09-05,2023-11-28
2023-11-30,0.008013136264245114,0.005481628503501134,0.0008664417424051373,0.1794852092957722,10,2023-09-06,2023-11-29
2023-12-01,0.055194803690318504,0.00560679686012028,0.0008661653500380229,0.18376683165898802,10,2023-09-07,2023-11-30
2023-12-04,0.018898408106592875,0.006463778615633162,0.0009070637852920231,0.20803074520790085,10,2023-09-08,2023-12-01
2023-12-05,-0.006504653506271222,0.0068389593828673285,0.0009078204672287696,0.2203960708787735,10,2023-09-11,2023-12-04
2023-12-06,0.0012008093969849089,0.006395001615253555,0.0009076424937190352,0.20568152055856592,10,2023-09-12,2023-12-05
2023-12-07,0.010373200007780494,0.00630853511783636,0.0009080921718041265,0.20276124268559972,10,2023-09-13,2023-12-06
2023-12-08,0.035965298669321355,0.00682710428703954,0.0008794305826937378,0.2235254765867815,10,2023-09-14,2023-12-07
2023-12-11,-0.018044765834686286,0.007349944743607581,0.000893475551735195,0.23925319763997469,10,2023-09-15,2023-12-08
2023-12-12,0.007745434972800219,0.006875502170449032,0.0009040041718816649,0.22207617926009754,10,2023-09-18,2023-12-11
2023-12-13,0.05985250827922234,0.006908890509346963,0.0009040790226219559,0.22317741707288644,10,2023-09-19,2023-12-12
2023-12-14,0.007082257555595791,0.008392685564915141,0.0009594474869339616,0.26454515707977205,10,2023-09-20,2023-12-13
2023-12-15,-0.011704393230501703,0.00894077898482281,0.0009752279602405214,0.2799470691175546,10,2023-09-21,2023-12-14
2023-12-18,0.0034528495020383137,0.00956499755653778,0.0009247844202317153,0.3080073060854064,10,2023-09-22,2023-12-15
2023-12-19,0.06879702623111703,0.00996766762016151,0.0009096857194255267,0.32390358316130213,10,2023-09-25,2023-12-18
2023-12-20,-0.050577394654743986,0.010991899008567792,0.0009529655731618567,0.3496416312945149,10,2023-09-26,2023-12-19
2023-12-21,0.026825002569801484,0.010307507749622595,0.0010660279409057348,0.30961927173913817,10,2023-09-27,2023-12-20
2023-12-22,0.00603544014903021,0.010732893467508291,0.001091746821246347,0.3188248509287336,10,2023-09-28,2023-12-21
2023-12-26,0.01100900469721003,0.010574546266448829,0.001093692007260852,0.3137531055329107,10,2023-09-29,2023-12-22
2023-12-27,0.015685547556219738,0.010583380853410878,0.0010936465081590944,0.3140267774570406,10,2023-10-02,2023-12-26
2023-12-28,-0.0012997673675262588,0.01115477819503788,0.001079396661565672,0.3334847471177888,10,2023-10-03,2023-12-27
2023-12-29,-0.02451873126029548,0.01211991024727406,0.0010020037793732153,0.3766137159863976,10,2023-10-04,2023-12-28
2024-01-02,-0.04282602291351198,0.011761888512156685,0.0010206900665054662,0.36194405771011723,10,2023-10-05,2023-12-29
2024-01-03,-0.04238451571920887,0.011224959144478094,0.0010746656004491264,0.336358832250988,10,2023-10-06,2024-01-02
2024-01-04,-0.008705659295907142,0.010189506192567182,0.0011092318145218972,0.299986604999391,10,2023-10-09,2024-01-03
2024-01-05,-0.0008995706244451394,0.009709221341753456,0.0011236618298217393,0.2837263220426886,10,2023-10-10,2024-01-04
2024-01-08,0.0367258969133807,0.009142010895308663,0.0010991619109494044,0.2697624164154588,10,2023-10-11,2024-01-05
2024-01-09,-0.010114920097921535,0.009562236080536263,0.0010964806116450533,0.2827826329900644,10,2023-10-12,2024-01-08
2024-01-10,-0.005390276440259412,0.010136461296556905,0.0010468153564550252,0.30716099965522625,10,2023-10-13,2024-01-09
2024-01-11,-0.000999299694048112,0.010378950051700237,0.0010419007324956441,0.31539697865643757,10,2023-10-16,2024-01-10
2024-01-12,-0.013647126578712487,0.00984235070759897,0.0010306637695481633,0.3003972162966045,10,2023-10-17,2024-01-11
2024-01-16,-0.003614661603800807,0.008999700907446954,0.0010268738307561299,0.2746551192929189,10,2023-10-18,2024-01-12
2024-01-17,-0.0034460849919455733,0.009560004427636392,0.000992918960987475,0.29709325611373355,10,2023-10-19,2024-01-16
2024-01-18,-0.012380193551203771,0.009575330203498008,0.0009925971440463673,0.29762786104332944,10,2023-10-20,2024-01-17
2024-01-19,0.024262084756997267,0.009530384267630709,0.0009986179900698916,0.2953069803939796,10,2023-10-23,2024-01-18
2024-01-22,0.027138551068844042,0.009743069922191277,0.0009066367717539353,0.31698861922040983,10,2023-10-24,2024-01-19
2024-01-23,-0.02422691695002482,0.009559762584492077,0.0008628243065117259,0.31869649749113166,10,2023-10-25,2024-01-22
2024-01-24,-0.023849625058521735,0.010483774838887152,0.0008596427232089128,0.35080081235036153,10,2023-10-26,2024-01-23
2024-01-25,0.008604392218573835,0.01006143641085573,0.0007423872675534002,0.3619885371500638,10,2023-10-27,2024-01-24
2024-01-26,0.014681031427489569,0.010212260979634109,0.0008720437379074758,0.3391031872800769,10,2023-10-30,2024-01-25
2024-01-29,0.04316465074992421,0.010349061731449723,0.0008574731612356421,0.3466438844247733,10,2023-10-31,2024-01-26
2024-01-30,-0.0088968414978552,0.010808372175796,0.0008612997731471202,0.36152352035416097,10,2023-11-01,2024-01-29
2024-01-31,-0.029549127767269742,0.010517945445949927,0.0008677747917060942,0.35031321209146493,10,2023-11-02,2024-01-30
2024-02-01,0.0012072942636319516,0.008470014845052639,0.0007744447246909785,0.2972312191170933,10,2023-11-03,2024-01-31
2024-02-02,0.0415593416015363,0.007961123398563858,0.0007658969335059316,0.2804970087834387,10,2023-11-06,2024-02-01
2024-02-05,-0.001096168962443236,0.008633840682693314,0.0007675865776357424,0.30446924800054787,10,2023-11-07,2024-02-02
2024-02-06,0.023008770066988943,0.008437114875450322,0.0007847971746752228,0.2940898844540578,10,2023-11-08,2024-02-05
2024-02-07,0.010819392608110273,0.008988395488692763,0.0007822828826411315,0.3142723040368401,10,2023-11-09,2024-02-06
2024-02-08,0.04801160440065834,0.008215657728889837,0.0007423632518660791,0.2942503057420003,10,2023-11-10,2024-02-07
2024-02-09,-0.004190723614027991,0.0028088979951384134,4.265115717442566e-05,0.3997199602070077,14,2023-11-13,2024-02-08
2024-02-12,-0.005131996289163594,0.002777170286878118,4.255565012583193e-05,0.395304626768735,13,2023-11-14,2024-02-09
2024-02-13,-0.006631174482529029,0.002506990015482355,4.182001116619212e-05,0.3569869540235955,15,2023-11-15,2024-02-12
2024-02-14,0.010113068940102082,0.002359228652607217,4.177065454614599e-05,0.3343352212639766,13,2023-11-16,2024-02-13
2024-02-15,0.004726466489407189,0.0024917215323813574,4.17594000476617e-05,0.35488317665325875,13,2023-11-17,2024-02-14
2024-02-16,0.0021671740663482685,0.0025430682489634565,4.1106022985726924e-05,0.365701139107882,13,2023-11-20,2024-02-15
2024-02-20,-8.372440398622329e-05,0.0025506812180691426,4.1499645203752564e-05,0.36514444482796593,13,2023-11-21,2024-02-16
2024-02-21,0.0032964702760922148,0.00237678533625536,4.027137160671459e-05,0.34326850268117254,14,2023-11-22,2024-02-20
2024-02-22,0.010444389370665596,0.0023523987170850987,4.028482717674274e-05,0.33936896249853704,13,2023-11-24,2024-02-21
2024-02-23,0.006743425301571174,0.002377539803612138,4.02914487648372e-05,0.3433018265088817,14,2023-11-27,2024-02-22
2024-02-26,-0.0008040156121189559,0.002451278997478752,4.025052513248195e-05,0.35509915279383375,14,2023-11-28,2024-02-23
2024-02-27,-0.006743192655415967,0.00244462804173541,4.045853983005482e-05,0.353139485746432,14,2023-11-29,2024-02-26
2024-02-28,-0.0028777881169462557,0.0026363096226017175,4.256951224367414e-05,0.37365086821096155,12,2023-11-30,2024-02-27
2024-02-29,0.023316468606282066,0.007010632107455123,0.00030737777077319506,0.38855490574608775,10,2023-12-01,2024-02-28
2024-03-01,0.01612451612812983,0.007167974775504959,0.0003283776338453328,0.38460834553069045,10,2023-12-04,2024-02-29
2024-03-04,-0.01152503721519738,0.007176067007354851,0.0003115573232597565,0.3953124253105616,10,2023-12-05,2024-03-01
2024-03-05,-0.00556325216011277,0.002778782364465575,4.3024568966244216e-05,0.39339030908475386,14,2023-12-06,2024-03-04
2024-03-06,0.001082203169947572,0.0026750773516839178,4.308381851394729e-05,0.3773202430053732,14,2023-12-07,2024-03-05
2024-03-07,0.00687991964689239,0.0026414092633636403,4.301750308396249e-05,0.37247767728183667,13,2023-12-08,2024-03-06
2024-03-08,-0.007206399755462434,0.002742051764295277,4.20353179132854e-05,0.39232710310987046,13,2023-12-11,2024-03-07
2024-03-11,-0.0009528497995005344,0.0024856372488845334,4.2045986834144235e-05,0.35273334942663714,12,2023-12-12,2024-03-08
2024-03-12,0.013358175577516963,0.002366948488774757,4.187335119919806e-05,0.3351179786288383,13,2023-12-13,2024-03-11
2024-03-13,0.0026253500523877255,0.002166126494230774,3.825537983175676e-05,0.3181380862838083,14,2023-12-14,2024-03-12
2024-03-14,-0.0026491660047604205,0.002638850294758412,3.650767937249403e-05,0.4039016114589094,13,2023-12-15,2024-03-13
2024-03-15,-0.006989718640659794,0.002732318562189108,3.649675859024969e-05,0.419433700337519,13,2023-12-18,2024-03-14
2024-03-18,0.0002163686060591635,0.0023875983208281634,3.503961851207357e-05,0.3698306453004026,13,2023-12-19,2024-03-15
2024-03-19,0.005263557520455287,0.002320520400306181,3.507392587559546e-05,0.3583234445693249,13,2023-12-20,2024-03-18
2024-03-20,0.0093373175110853,0.0027354814437724165,3.252284960648166e-05,0.444874929449683,12,2023-12-21,2024-03-19
2024-03-21,0.0026606009974858534,0.0027536029262376343,3.253548301936318e-05,0.44796553381363086,12,2023-12-22,2024-03-20
2024-03-22,-0.0026834265899538263,0.002748894192553339,3.239682876481133e-05,0.4480958470325254,12,2023-12-26,2024-03-21
2024-03-25,-0.004208594486870575,0.0026176767654427892,3.24156853962199e-05,0.42491852276115666,14,2023-12-27,2024-03-22
2024-03-26,0.00392302568276245,0.002516767374878177,3.34182557780071e-05,0.40104026717772534,13,2023-12-28,2024-03-25
2024-03-27,0.0004685459966147536,0.0026854091295043323,3.3277651247959254e-05,0.4311206461745383,14,2023-12-29,2024-03-26
2024-03-28,-0.0004725708222767547,0.002751307456577099,3.415852429507891e-05,0.43680072855819935,13,2024-01-02,2024-03-27
2024-04-01,-0.0061098242642732975,0.0026785228924129894,3.281496887688238e-05,0.4329472361184702,14,2024-01-03,2024-03-28
2024-04-02,-0.003721371173420908,0.0027341618730688947,3.354142488640687e-05,0.4378400969054073,14,2024-01-04,2024-04-01
2024-04-03,-0.01120667657454307,0.002605402247068443,3.339531552108359e-05,0.4165157434380548,14,2024-01-05,2024-04-02
2024-04-04,-0.007188047410284302,0.0030379010687688855,3.966459868696825e-05,0.4508567281964753,12,2024-01-08,2024-04-03
2024-04-05,0.015094853348596279,0.0027263959890667304,3.942775993136313e-05,0.4025994157892982,13,2024-01-09,2024-04-04
2024-04-08,-0.0010958032417417384,0.0029164819149771416,3.941301021890399e-05,0.43295294898677017,13,2024-01-10,2024-04-05
2024-04-09,-0.0037922678572456948,0.002798842068613707,3.9335471021161e-05,0.4146225115900385,14,2024-01-11,2024-04-08
2024-04-10,-0.003775979584994922,0.002614296136654547,3.9341190675638136e-05,0.3851697925944512,14,2024-01-12,2024-04-09
2024-04-11,0.0020320795326873686,0.002532417177170257,3.941194863050164e-05,0.3717814562000601,16,2024-01-16,2024-04-10
2024-04-12,-0.01075274581806089,0.0027547745338234626,3.988510229026838e-05,0.4047780587449209,13,2024-01-17,2024-04-11
2024-04-15,-0.01044777383029655,0.002547469962725512,4.001340392704772e-05,0.3713563443927256,13,2024-01-18,2024-04-12
2024-04-16,0.005214598013736165,0.002176980699539362,3.965437268341393e-05,0.31419945849174646,14,2024-01-19,2024-04-15
2024-04-17,-0.0040461189803667275,0.002215934826230802,3.951555153184663e-05,0.32094770595784816,13,2024-01-22,2024-04-16
2024-04-18,-0.0001380502972354224,0.0021899278223172875,3.9756854202878756e-05,0.31584761032270897,13,2024-01-23,2024-04-17
2024-04-19,-0.03576472566205741,0.004526107330677706,0.0002970205521069841,0.25110962284971655,10,2024-01-24,2024-04-18
2024-04-22,0.004452420291908119,0.0038977519635495935,0.0004609627590919215,0.1723023655363167,10,2024-01-25,2024-04-19
2024-04-23,0.04724713642741902,0.003847995753076399,0.0004869189217774075,0.16539216175540805,10,2024-01-26,2024-04-22
2024-04-24,-0.014932994371084259,0.0046980547816425225,0.0005170186519433653,0.1978904620375996,10,2024-01-29,2024-04-23
2024-04-25,-0.0032666043036760606,0.004289739638974258,0.0005049324635830299,0.18207383377395447,10,2024-01-30,2024-04-24
2024-04-26,0.015426605793002474,0.004415394721060379,0.0005203298065094462,0.18486827776182124,10,2024-01-31,2024-04-25
2024-04-29,-6.20041587919318e-05,0.004993276982621604,0.0005093115056929565,0.21246361846159104,10,2024-02-01,2024-04-26
2024-04-30,-0.025175283282588994,0.0046595535859191885,0.0005058294119575922,0.19835534050778497,10,2024-02-02,2024-04-29
2024-05-01,0.00013427723730457738,0.0037507081905471897,0.00043940358558016297,0.16946393413056535,10,2024-02-05,2024-04-30
2024-05-02,0.023013591836103714,0.003844456052206691,0.00043819985794999166,0.17417495624032822,10,2024-02-06,2024-05-01
2024-05-03,0.009568157331131198,0.003715872711767396,0.00043220734336289903,0.16919327472665904,10,2024-02-07,2024-05-02
2024-05-06,0.0045135368774212765,0.0009581792174207114,2.2092402141168863e-05,0.16164365881390227,12,2024-02-08,2024-05-03
2024-05-07,0.004628510794773884,0.0010424239074426688,2.1980990143923435e-05,0.1800215842663532,12,2024-02-09,2024-05-06
2024-05-08,-0.0009688801572966474,0.001069461753195162,2.1810656175006095e-05,0.18651262684604866,13,2024-02-12,2024-05-07
2024-05-09,0.008450952288790269,0.0010999916718022443,2.1946949463165875e-05,0.192449454081117,12,2024-02-13,2024-05-08
2024-05-10,0.006225278159330324,0.001424370073268422,2.1801266653344005e-05,0.26256358757681975,11,2024-02-14,2024-05-09
2024-05-13,-0.006274344142263844,0.0013969758416163497,2.1678251076272604e-05,0.2574238541928204,12,2024-02-15,2024-05-10
2024-05-14,0.0016898551381699365,0.0011372518033227505,2.1591872380679614e-05,0.20204402377352232,12,2024-02-16,2024-05-13
2024-05-15,0.006611857766576213,0.0011913113936291113,2.1578687972500002e-05,0.21374325217810336,12,2024-02-20,2024-05-14
2024-05-16,-0.007206603949086729,0.004969360543212696,0.00047826799256194766,0.21815692745498538,10,2024-02-21,2024-05-15
2024-05-17,0.00046224088047000587,0.005142574120218187,0.0004540505076066726,0.2320280855881412,10,2024-02-22,2024-05-16
2024-05-20,0.015616165001145767,0.004647063503885338,0.0004435310871505733,0.21123519638384258,10,2024-02-23,2024-05-17
2024-05-21,-0.0033230470077036727,0.004648923606455106,0.0004319312409276666,0.2141423474789144,10,2024-02-26,2024-05-20
2024-05-22,-0.01647505009940859,0.004433624904886484,0.0004325466420730407,0.20363794284401815,10,2024-02-27,2024-05-21
2024-05-23,-0.01818055110769475,0.003855701014878165,0.0004363734103342021,0.17507738717468097,10,2024-02-28,2024-05-22
2024-05-24,0.024289677183665103,0.003646856386371731,0.0004406182574986026,0.16428272276575615,10,2024-02-29,2024-05-23
2024-05-28,-0.018652937271704893,0.0027109177917291204,0.0002850508832356065,0.1488146724380403,10,2024-03-01,2024-05-24
2024-05-29,0.006351731204570263,0.002608920212873347,0.00024298039521757506,0.1546403663314172,10,2024-03-04,2024-05-28
2024-05-30,-0.0044368147412276815,0.0024224996834282283,0.0002268261364917643,0.1476744010315963,10,2024-03-05,2024-05-29
2024-05-31,0.0021940758805095717,0.002577340719230456,0.00020448516656529922,0.16636056779619887,10,2024-03-06,2024-05-30
2024-06-03,-0.0006843493385103446,0.002617851175986954,0.00020433721367193645,0.1692547425725616,10,2024-03-07,2024-05-31
2024-06-04,0.0001239186356352694,0.002560667287198987,0.0002045184294433957,0.16518114558669575,10,2024-03-08,2024-06-03
2024-06-05,0.005353226230461956,0.0012490129320084464,2.6697840366718035e-05,0.20332904396339085,14,2024-03-11,2024-06-04
2024-06-06,0.009966203263692101,0.0012408160437494327,2.6660205599193644e-05,0.20188499475888302,13,2024-03-12,2024-06-05
2024-06-07,-0.007639229530654828,0.0014273331119969879,2.8268924264121467e-05,0.2311368067479029,13,2024-03-13,2024-06-06
2024-06-10,-0.0007234647866511395,0.0011983656795849231,2.894036579869856e-05,0.18587781698826633,13,2024-03-14,2024-06-07
2024-06-11,-0.0023676436811908494,0.0013028945376075218,2.868313615316081e-05,0.2062268716975777,13,2024-03-15,2024-06-10
2024-06-12,-0.0020399932077526267,0.0013927384943336599,2.866602845526912e-05,0.22306890770414478,13,2024-03-18,2024-06-11
2024-06-13,0.00012517310315966193,0.0014919101365031843,3.0402763150906714e-05,0.23458975241822927,13,2024-03-19,2024-06-12
2024-06-14,0.00059047224479313,0.001427431559060171,3.069404903474125e-05,0.22183570517126197,12,2024-03-20,2024-06-13
2024-06-17,0.004786266064690515,0.0013762835953468277,3.0722059542871185e-05,0.2125066476236379,12,2024-03-21,2024-06-14
2024-06-18,-0.0007150151721003841,0.0013962029999736157,3.081893102015077e-05,0.2157605294192835,12,2024-03-22,2024-06-17
2024-06-20,-0.007775396293962721,0.0014657408481354504,3.105438911299067e-05,0.2274194361619988,12,2024-03-25,2024-06-18
2024-06-21,0.004222608253200398,0.0015028179370560832,3.052773622168362e-05,0.23608327774812143,12,2024-03-26,2024-06-20
2024-06-24,-0.00017573446805736208,0.0015971876070108026,3.056581583888354e-05,0.25300542257676256,12,2024-03-27,2024-06-21
2024-06-25,-0.0006159113470637524,0.0014487351284301962,2.934369542183485e-05,0.2308153094094317,12,2024-03-28,2024-06-24
2024-06-26,0.0006672341647667116,0.0014959326925562712,3.0163585040996113e-05,0.23625041068386116,12,2024-04-01,2024-06-25
2024-06-27,-0.0031810305548613015,0.0015714584269619662,2.919095964974227e-05,0.2541328500873466,12,2024-04-02,2024-06-26
2024-06-28,-0.030476250761594312,0.0017095620693693392,2.9468569018321637e-05,0.2783734828368691,14,2024-04-03,2024-06-27
2024-07-01,-0.012263733027956882,0.0034449330418111837,0.00034748749891781727,0.1741600471770479,10,2024-04-04,2024-06-28
2024-07-02,0.0012522130947026778,0.003373838456500407,0.0002486630373260019,0.20137072957037752,10,2024-04-05,2024-07-01
2024-07-03,-0.0008994852792619194,0.0010751956821085634,2.5400923016559347e-05,0.17396719249946138,15,2024-04-08,2024-07-02
2024-07-05,0.008678009176923884,0.0031411822946786155,0.0002486025123483273,0.1866394736528927,10,2024-04-09,2024-07-03
2024-07-08,0.006310037980058491,0.0031769560860050866,0.0002603507353680955,0.1845969510890069,10,2024-04-10,2024-07-05
2024-07-09,-0.0064064543359238215,0.0013365016186010711,2.6138697778454632e-05,0.2226046402793959,15,2024-04-11,2024-07-08
2024-07-10,-0.024107543531909918,0.0031316027609342976,0.00035754628411286993,0.15512224028376448,10,2024-04-12,2024-07-09
2024-07-11,-0.0021800889814691336,0.0018582473760185025,2.5726098966672528e-05,0.32724864511621515,14,2024-04-15,2024-07-10
2024-07-12,0.011607016609881194,0.0020603777484228853,2.6373212992963917e-05,0.36256843773042974,13,2024-04-16,2024-07-11
2024-07-15,-0.008960246287161957,0.002143986389601586,2.6580763802011852e-05,0.3773670252553016,14,2024-04-17,2024-07-12
2024-07-16,0.006601131247811856,0.0020537447978925946,2.781894363252877e-05,0.3517639528983647,13,2024-04-18,2024-07-15
2024-07-17,-0.004871286586178994,0.0022554135836113454,2.8864831164918196e-05,0.38286878466364166,14,2024-04-19,2024-07-16
2024-07-18,-0.005632845649970453,0.0023913205453981834,3.0302767376126373e-05,0.3983632141495558,13,2024-04-22,2024-07-17
2024-07-19,9.313284824218834e-05,0.0020662113477702753,2.9021530039894895e-05,0.34671281685237354,12,2024-04-23,2024-07-18
2024-07-22,0.004076113911705837,0.0019638709720514007,2.884232239192295e-05,0.32873226793471877,12,2024-04-24,2024-07-19
2024-07-23,-0.0074891301661469565,0.0020613135908292253,2.8534167576404665e-05,0.34874431671688216,13,2024-04-25,2024-07-22
2024-07-24,-0.011865454315382478,0.0017838949747232527,2.569928209265437e-05,0.3127525700475334,12,2024-04-26,2024-07-23
2024-07-25,0.014744322233863412,0.0014776839549125878,2.738077824033494e-05,0.24447797504587584,12,2024-04-29,2024-07-24
2024-07-26,0.0160523086352745,0.0016660730694115417,2.974133983639332e-05,0.26911957924254387,12,2024-04-30,2024-07-25
2024-07-29,0.002443647902175181,0.0018708538820877646,3.0413613474163164e-05,0.30326118976853206,12,2024-05-01,2024-07-26
2024-07-30,-0.005887570643808487,0.001927916341506534,3.055465889789716e-05,0.31288356651133914,12,2024-05-02,2024-07-29
2024-07-31,0.008688775814841338,0.002445440811805255,4.8040899380438756e-05,0.3241924788538093,11,2024-05-03,2024-07-30
2024-08-01,-0.007482272141300792,0.002466351868482388,4.8082773529989734e-05,0.3270669342877444,12,2024-05-06,2024-07-31
2024-08-02,0.0007333026872845755,0.0022114638368988773,4.803894371053256e-05,0.290441102472313,14,2024-05-07,2024-08-01
2024-08-05,-0.024934223078255643,0.0021702535429279583,4.881971217636285e-05,0.2822111995708337,12,2024-05-08,2024-08-02
2024-08-06,0.016702462054781854,0.0015846376111065214,5.742322425427119e-05,0.1829320944583699,13,2024-05-09,2024-08-05
2024-08-07,-0.0056985795730787455,0.0017516376382018246,5.679032288856224e-05,0.2061091064891546,10,2024-05-10,2024-08-06
2024-08-08,0.0012284238628809418,0.0015575671846876891,5.710436242031147e-05,0.17985982800110267,13,2024-05-13,2024-08-07
2024-08-09,-0.009168633588733982,0.0017667286521038407,5.6889079597175385e-05,0.20793093232655788,12,2024-05-14,2024-08-08
2024-08-12,-0.00583723136721046,0.001590624304962963,5.784139971575915e-05,0.18305679204122421,13,2024-05-15,2024-08-09
2024-08-13,0.01584776475405742,0.0013315401322532717,5.788307389218153e-05,0.14893712128500056,12,2024-05-16,2024-08-12
2024-08-14,0.0021810851761118965,0.0016138332143867521,5.8408377343354846e-05,0.18520295423407362,13,2024-05-17,2024-08-13
2024-08-15,0.009553781663867805,0.0014891741871394866,5.7488335521918174e-05,0.17023785019302962,12,2024-05-20,2024-08-14
2024-08-16,-0.0002774204151956587,0.00159768288954944,5.625337778988309e-05,0.186563754875572,13,2024-05-21,2024-08-15
2024-08-19,0.01008985003016246,0.0016239116805849799,5.67797741745425e-05,0.18917775848828983,13,2024-05-22,2024-08-16
2024-08-20,0.004036814047289479,0.0018696381624208301,5.692891897271813e-05,0.22149736800017467,13,2024-05-23,2024-08-19
2024-08-21,0.007393491422051845,0.0020132602179316,5.704050269745236e-05,0.24029706387257915,12,2024-05-24,2024-08-20
2024-08-22,0.0013763591904576663,0.0020133236322928097,5.722558318940991e-05,0.23991654448514121,11,2024-05-28,2024-08-21
2024-08-23,0.007677987806205819,0.002115353882238857,5.6251378773411955e-05,0.2555890220161808,11,2024-05-29,2024-08-22
2024-08-26,-0.0006584506474086636,0.0024102530966068625,5.629378457811858e-05,0.29479733746203013,11,2024-05-30,2024-08-23
2024-08-27,0.005303517078466057,0.0023266665934625072,5.64398575401911e-05,0.2832894992088343,11,2024-05-31,2024-08-26
2024-08-28,-0.0033754677497906567,0.002217958341356411,5.330054555230378e-05,0.27662271521956366,11,2024-06-03,2024-08-27
2024-08-29,0.008051911019749081,0.0019507552239794192,5.228135086755243e-05,0.2423514342245553,11,2024-06-04,2024-08-28
2024-08-30,0.0023925601741178536,0.0018867236277165995,5.0063204346330965e-05,0.23861245218749608,12,2024-06-05,2024-08-29
2024-09-03,-0.006129160054727626,0.0018475807356828897,4.972594953311292e-05,0.2338693779460693,12,2024-06-06,2024-08-30
2024-09-04,0.004354987831803506,0.0016915789474761392,5.050688696289979e-05,0.2101032924037955,12,2024-06-07,2024-09-03
2024-09-05,0.0015134102076421216,0.001985174500951593,5.123203066877397e-05,0.24962947787383105,12,2024-06-10,2024-09-04
2024-09-06,-0.006906107323539466,0.0020135141449963995,4.934362274269681e-05,0.2583957587085209,12,2024-06-11,2024-09-05
2024-09-09,0.006685905751296421,0.0018877800507456628,4.926735377587282e-05,0.24068247715340194,11,2024-06-12,2024-09-06
2024-09-10,0.0013939321598939762,0.0019761467022805872,4.9472520730309455e-05,0.25274626926224014,11,2024-06-13,2024-09-09
2024-09-11,-0.001436493632303604,0.0020558296232984267,4.920651000603546e-05,0.2647878849223877,12,2024-06-14,2024-09-10
2024-09-12,0.003587188426025147,0.002041222486196335,4.9247078795830515e-05,0.262597306331261,13,2024-06-17,2024-09-11
2024-09-13,0.005802009526556729,0.0020473394537309448,4.943852534737373e-05,0.26295833838671906,13,2024-06-18,2024-09-12
2024-09-16,0.006042284313122129,0.0022081990606260637,4.850573560716215e-05,0.28857143630616344,13,2024-06-20,2024-09-13
2024-09-17,-0.004637379155367008,0.0022588333763449943,4.812246019898282e-05,0.29701746180884475,13,2024-06-21,2024-09-16
2024-09-18,-0.0030933179696112224,0.0021444255685608765,5.0417757071155646e-05,0.27406523016483214,13,2024-06-24,2024-09-17
2024-09-19,0.011971033410913701,0.0021213252576314013,5.18078041967864e-05,0.2671541574712382,12,2024-06-25,2024-09-18
2024-09-20,0.0025172033353650478,0.0022451800120043943,5.0655896981935385e-05,0.2875765449850402,13,2024-06-26,2024-09-19
2024-09-23,0.005431363529343962,0.002353661778729828,5.153096338115898e-05,0.3002363913658781,12,2024-06-27,2024-09-20
2024-09-24,0.0074058776767186455,0.0025030430877242904,5.1557376217552304e-05,0.3209636678710795,13,2024-06-28,2024-09-23
2024-09-25,0.002019714239370974,0.0029629128360924286,5.632855303771459e-05,0.36834290802682873,12,2024-07-01,2024-09-24
2024-09-26,0.0001693278992998499,0.003081985564994722,5.379733541016369e-05,0.39314299480817344,12,2024-07-02,2024-09-25
2024-09-27,-0.00414011726738142,0.003155634903482845,5.612484515377303e-05,0.3947356717957583,12,2024-07-03,2024-09-26
2024-09-30,-0.002395679632678795,0.0030457652751128554,5.611171753606024e-05,0.3801145208654032,12,2024-07-05,2024-09-27
2024-10-01,-0.003256481581557256,0.0029099898451214073,5.669464194980183e-05,0.3601230758026874,12,2024-07-08,2024-09-30
2024-10-02,-0.00586902673606325,0.0030275525308711485,5.711000913950385e-05,0.3743676323167989,11,2024-07-09,2024-10-01
2024-10-03,-0.00661735964642725,0.0031048787408858693,5.753230111914565e-05,0.3831857721065128,12,2024-07-10,2024-10-02
2024-10-04,0.003848798198037969,0.002891682720601202,5.936466204497282e-05,0.3495553002271318,13,2024-07-11,2024-10-03
2024-10-07,-0.012678068634156985,0.002891920437697965,5.942683664932235e-05,0.34940323017327796,11,2024-07-12,2024-10-04
2024-10-08,0.008238166171941341,0.0025388579051653076,5.8510001321037654e-05,0.30597322107263264,12,2024-07-15,2024-10-07
2024-10-09,0.005001170134205767,0.002837735490031666,5.775509401838365e-05,0.34729405954963594,11,2024-07-16,2024-10-08
2024-10-10,-0.0021484003605026654,0.002744377442336465,5.73849148399607e-05,0.33608838891887316,12,2024-07-17,2024-10-09
2024-10-11,0.0045220934439088095,0.0026918874413685862,5.677250076713173e-05,0.33092985979348144,12,2024-07-18,2024-10-10
2024-10-14,0.007274754208111195,0.0029257567782810688,5.6843061806330817e-05,0.3617438817394836,11,2024-07-19,2024-10-11
2024-10-15,0.003928015864221898,0.0030137552726982662,5.6890526090996836e-05,0.3732598413855598,11,2024-07-22,2024-10-14
2024-10-16,-0.0012016729393764347,0.003015504546445729,5.6858075390273766e-05,0.3735983277414941,11,2024-07-23,2024-10-15
2024-10-17,-0.0013430609322280865,0.002934698409624055,5.423685987743774e-05,0.37154734985480387,12,2024-07-24,2024-10-16
2024-10-18,0.00720682194236961,0.0031033016791985934,5.3166600277814806e-05,0.39839152217900153,11,2024-07-25,2024-10-17
2024-10-21,-0.0033897555466231755,0.002593722158409291,3.725501473630295e-05,0.39243637265257125,12,2024-07-26,2024-10-18
2024-10-22,0.0021233529578334057,0.0016354015092804402,3.213985322553278e-05,0.2534728420067501,13,2024-07-29,2024-10-21
2024-10-23,-0.015058474221628726,0.0020244464612389607,3.252614099725371e-05,0.320178765274372,12,2024-07-30,2024-10-22
2024-10-24,0.0018934888649710362,0.0019005523826162369,3.598503223029774e-05,0.28374893611415336,11,2024-07-31,2024-10-23
2024-10-25,-0.005308146585314,0.0020197041276692994,4.1974253056294007e-05,0.28111754334850453,12,2024-08-01,2024-10-24
2024-10-28,0.008959814413377868,0.0018657860557959752,4.12336538637947e-05,0.25966112865775015,11,2024-08-02,2024-10-25
2024-10-29,-0.005736153175229581,0.001754397149403591,3.5691803098002204e-05,0.2604479846874024,11,2024-08-05,2024-10-28
2024-10-30,-0.006133812090400842,0.0022841495963149532,3.5295213771818084e-05,0.35107637747457365,10,2024-08-06,2024-10-29
2024-10-31,-0.01042803870128934,0.002092505417071682,3.564679318950729e-05,0.31724223000396146,13,2024-08-07,2024-10-30
2024-11-01,0.004557500222928301,0.00230678970500082,3.5236491378168684e-05,0.355182806991548,11,2024-08-08,2024-10-31
2024-11-04,-0.0018449651947350669,0.0022905778528977236,3.501537329347384e-05,0.3535628100036675,12,2024-08-09,2024-11-01
2024-11-05,0.008105757814575952,0.002160747599092276,3.500103832914442e-05,0.3316902124805867,12,2024-08-12,2024-11-04
2024-11-06,-0.0004621572149305961,0.0021338296279050316,3.1173253034604e-05,0.3466438227819123,11,2024-08-13,2024-11-05
2024-11-07,0.017988661459023673,0.002393380233550128,3.7811706880978205e-05,0.3569562190360623,12,2024-08-14,2024-11-06
2024-11-08,0.0007787683317981551,0.002549811150031768,3.899237849079054e-05,0.37656188317127826,12,2024-08-15,2024-11-07
2024-11-11,0.023723996907010256,0.0026411126301152765,4.468973768101047e-05,0.3653980379636057,13,2024-08-16,2024-11-08
2024-11-12,0.004472112249833443,0.0027890534285477954,4.5557870595573474e-05,0.38381812052798076,15,2024-08-19,2024-11-11
2024-11-13,0.02018727555437661,0.0027744810183283125,4.548414439933737e-05,0.38196832965546224,14,2024-08-20,2024-11-12
2024-11-14,0.00015588264132163012,0.0028004409680726107,4.4455400887417806e-05,0.39025613459467323,14,2024-08-21,2024-11-13
2024-11-15,-0.03202923841743632,0.002672758747312712,4.453513084569413e-05,0.37077382292091726,14,2024-08-22,2024-11-14
2024-11-18,0.01094718417638072,0.002224828824516518,4.6341385180439494e-05,0.29767620544223145,16,2024-08-23,2024-11-15
2024-11-19,0.005765362854871519,0.0022636570902363155,4.5392187309725546e-05,0.3065355791902958,15,2024-08-26,2024-11-18
2024-11-20,0.0005989193357306481,0.0023163038836189996,4.532107929828793e-05,0.31459623038993345,16,2024-08-27,2024-11-19
2024-11-21,0.006034579080051871,0.0022885147357180357,4.481273695076248e-05,0.31222433364446717,15,2024-08-28,2024-11-20
2024-11-22,0.011444752464019013,0.0026592468701991936,4.454487187468958e-05,0.36870878494169884,13,2024-08-29,2024-11-21
2024-11-25,0.005486659499076245,0.0027685033808503567,4.628527224089154e-05,0.37776962017977783,13,2024-08-30,2024-11-22
2024-11-26,-0.0010327563575507456,0.002780628763769972,4.638836025438388e-05,0.37912992221928715,13,2024-09-03,2024-11-25
2024-11-27,-0.001364555380485704,0.0029925790316728523,4.6715419184743065e-05,0.4088105774725955,15,2024-09-04,2024-11-26
2024-11-29,0.004639798713614953,0.002937318562334894,4.748704383833585e-05,0.3974564344089131,14,2024-09-05,2024-11-27
2024-12-02,0.013335050729414797,0.003051860755559662,4.743401088665013e-05,0.4143096419807676,17,2024-09-06,2024-11-29
2024-12-03,0.001549347288880493,0.0035566632826871986,4.745317162333816e-05,0.48750656709374146,12,2024-09-09,2024-12-02
2024-12-04,0.011388728823083782,0.00354242585569225,4.7555498330305434e-05,0.48491721557577677,12,2024-09-10,2024-12-03
2024-12-05,0.0014206571344631041,0.003592570087454949,4.754764190869128e-05,0.4922293197608552,12,2024-09-11,2024-12-04
2024-12-06,0.014102101239003604,0.0035435273587382963,4.741832777152099e-05,0.48577804772959093,12,2024-09-12,2024-12-05
2024-12-09,-0.016055205824618765,0.0036193782616364845,4.7883639932691e-05,0.4943734257993677,11,2024-09-13,2024-12-06
2024-12-10,-0.005286711516029265,0.0029929928691699572,4.773180262230706e-05,0.4044945261018638,12,2024-09-16,2024-12-09
2024-12-11,0.012954709872907595,0.002700674529994783,4.7009171504770126e-05,0.3649567886609757,12,2024-09-17,2024-12-10
2024-12-12,-0.0054682123323193214,0.002797387279210676,4.625970304803322e-05,0.38212073570302324,12,2024-09-18,2024-12-11
2024-12-13,-0.004072868730908711,0.002763408895534465,4.601133933974613e-05,0.3781414468002688,13,2024-09-19,2024-12-12
2024-12-16,0.00456274050434569,0.002603562571895362,4.6156590038658974e-05,0.3540179471182807,12,2024-09-20,2024-12-13
2024-12-17,-0.0046520141886710695,0.00265185314066335,4.495607355015351e-05,0.36591593852566473,13,2024-09-23,2024-12-16
2024-12-18,-0.027977347867266942,0.0025011427882498907,4.507369435692857e-05,0.3429899949002195,12,2024-09-24,2024-12-17
2024-12-19,0.010463277895571653,0.006165205523565185,0.0006685197368312333,0.23077238602470657,10,2024-09-25,2024-12-18
2024-12-20,0.027146416954388148,0.006727871128593149,0.0006537989986095326,0.25536127263664216,10,2024-09-26,2024-12-19
2024-12-23,-0.011301301881952525,0.007301352841574313,0.0006572134740240777,0.2770670775304664,10,2024-09-27,2024-12-20
2024-12-24,0.022267438768890504,0.007168724327533874,0.0006540697513943376,0.2725462186010302,10,2024-09-30,2024-12-23
2024-12-26,0.009498539207183056,0.007710889779639731,0.0006525308469009406,0.2940916100644738,10,2024-10-01,2024-12-24
2024-12-27,-0.027265199184732924,0.008222600544636064,0.0007849507906625546,0.28640452139713724,10,2024-10-02,2024-12-26
2024-12-30,-0.019459230723270413,0.007678043597407397,0.0008079092896943713,0.2631472674341374,10,2024-10-03,2024-12-27
2024-12-31,-0.016238934743915592,0.007565405405419184,0.0008133050480803303,0.25832325504353226,10,2024-10-04,2024-12-30
2025-01-02,0.03582960320086284,0.006951470051541805,0.000676240243843519,0.2596868331298017,10,2024-10-07,2024-12-31
2025-01-03,0.021531184714708093,0.007943929894461214,0.0006672691063474541,0.2998471406506092,10,2024-10-08,2025-01-02
2025-01-06,0.010754921556980143,0.007945174923954487,0.0006724382168058146,0.2987404498426609,10,2024-10-09,2025-01-03
2025-01-07,-0.02012554190698195,0.008046587134428997,0.0006723270967739549,0.30267624542974114,10,2024-10-10,2025-01-06
2025-01-08,-0.017314201865345283,0.007882175785059987,0.0006733968063192189,0.29610002083657,10,2024-10-11,2025-01-07
2025-01-10,-0.005212724724140343,0.007165378413122156,0.0005419675186831542,0.29926576780178527,10,2024-10-14,2025-01-08
2025-01-13,-0.014448678665922006,0.0066714834860015565,0.0005025800541972886,0.2887405171648416,10,2024-10-15,2025-01-10
2025-01-14,0.026045114788453307,0.0065607829977076685,0.0005331458617463272,0.27554714711918354,10,2024-10-16,2025-01-13
2025-01-15,0.008508276796614664,0.006817858596670444,0.0005339496762915456,0.2864649362916152,10,2024-10-17,2025-01-14
2025-01-16,0.017762434228541648,0.007243381536534615,0.000529871578265291,0.30605097122281577,10,2024-10-18,2025-01-15
2025-01-17,-0.004231718241964722,0.007347528081696419,0.0005381063369950458,0.30818979310898525,10,2024-10-21,2025-01-16
2025-01-21,0.0028858010691329428,0.007194293544273723,0.0005402585580227185,0.30098272825198596,10,2024-10-22,2025-01-17
2025-01-22,0.0028297047600778563,0.007289063128192655,0.000513591128809115,0.3128796494705098,10,2024-10-23,2025-01-21
2025-01-23,0.01250918884707192,0.007539577567401831,0.0005014005101217129,0.3278480387347953,10,2024-10-24,2025-01-22
2025-01-24,-0.003631722178162309,0.007527356393964632,0.0005012676811617985,0.327345617485676,10,2024-10-25,2025-01-23
2025-01-27,-0.008995809079721705,0.007311271331889208,0.00050323438045484,0.31707282594822284,10,2024-10-28,2025-01-24
2025-01-28,0.013556277493396853,0.0069906671907838435,0.0005074487912004213,0.3015211887233623,10,2024-10-29,2025-01-27
2025-01-29,0.023425567776827017,0.007309668334411197,0.0005054473751784612,0.3163066453993178,10,2024-10-30,2025-01-28
2025-01-30,0.020218506324297624,0.007998429465080179,0.0004985952782032743,0.34931839304671874,10,2024-10-31,2025-01-29
2025-01-31,-0.020265364252037617,0.00802332318749729,0.0006022874588242465,0.3188434255614243,10,2024-11-01,2025-01-30
2025-02-03,0.00035294349486276783,0.007610005780777463,0.0006062510865395666,0.3010130335836614,10,2024-11-04,2025-01-31
2025-02-04,0.037435494304809316,0.007714462726042109,0.0004865318406839201,0.34074855780293595,10,2024-11-05,2025-02-03
2025-02-05,0.011288065327562897,0.008072908151718043,0.000500279946331426,0.35205959686661653,10,2024-11-06,2025-02-04
2025-02-06,0.005896627672459292,0.007743680810709655,0.0004755732780350715,0.34599191660102213,10,2024-11-07,2025-02-05
2025-02-07,0.0035150736050949373,0.005995603353471224,0.0002877833955108589,0.3417312653512469,10,2024-11-08,2025-02-06
2025-02-10,0.018663397622868536,0.00677665363721872,0.0007455702270380879,0.24091591805476628,10,2024-11-11,2025-02-07
2025-02-11,-0.010614858051903415,0.005644811356217116,0.00035081762893709,0.2907828040860637,10,2024-11-12,2025-02-10
2025-02-12,0.005946948063986932,0.005290512910403077,0.00035121251765620165,0.27171395654651875,10,2024-11-13,2025-02-11
2025-02-13,0.01798521416542696,0.0016956855399164303,4.747961001334163e-05,0.21729381722695248,13,2024-11-14,2025-02-12
2025-02-14,-0.00825485668757106,0.0070536895935748075,0.0005587765261669219,0.2900052918738799,10,2024-11-15,2025-02-13
2025-02-18,-0.002952622082326572,0.002549769890033279,5.5854463543500565e-05,0.3146224140077939,13,2024-11-18,2025-02-14
2025-02-19,-0.005548192088200782,0.006780820786118794,0.00046746546342227915,0.30444583453781865,10,2024-11-19,2025-02-18
2025-02-20,-0.017988897560044646,0.006297721270323059,0.00046509239978543545,0.2828205627618988,10,2024-11-20,2025-02-19
2025-02-21,-0.007072637826525337,0.0021785497469849514,5.7907957715614184e-05,0.2602112802991639,13,2024-11-21,2025-02-20
2025-02-24,-0.005688271076874792,0.0020943162770582007,5.735678702262353e-05,0.2503363022643816,14,2024-11-22,2025-02-21
2025-02-25,-0.0029029458968661903,0.001923681389549018,5.7702790203302265e-05,0.22712154221215794,15,2024-11-25,2025-02-24
2025-02-26,-0.00425614897389701,0.0017037977820761635,5.524775474821113e-05,0.20253043059074474,13,2024-11-26,2025-02-25
2025-02-27,0.0018786628045297938,0.001719282781721885,5.9165919052227686e-05,0.19772259601019854,14,2024-11-27,2025-02-26
2025-02-28,0.01748871712683529,0.0018327896534504338,6.166807561804592e-05,0.20812393398190346,14,2024-11-29,2025-02-27
2025-03-03,-0.008523572139924097,0.0019030240097254135,6.195144232175824e-05,0.21657067469948926,14,2024-12-02,2025-02-28
2025-03-04,-0.006161838590671039,0.0016271530531824538,6.20745374235318e-05,0.1813412312345198,12,2024-12-03,2025-03-03
2025-03-05,0.007497088428233803,0.001486024010319454,6.189954423091204e-05,0.16365943676581435,14,2024-12-04,2025-03-04
2025-03-06,-0.022989337467482805,0.001555930387054256,6.208197949681438e-05,0.17229104838759512,14,2024-12-05,2025-03-05
2025-03-07,-0.0019581027596995036,0.002448699318010599,0.00047951236131604997,0.10276327398284958,10,2024-12-06,2025-03-06
2025-03-10,-0.01727442350723296,0.0012983736263800128,7.085467539154688e-05,0.13067514696592678,13,2024-12-09,2025-03-07
2025-03-11,-0.009686116450050557,0.0010249508005800434,7.132739803686566e-05,0.09786664102667565,12,2024-12-10,2025-03-10
2025-03-12,-0.0029060186990129125,0.0010139800750129315,7.36240750863625e-05,0.09504951699021408,13,2024-12-11,2025-03-11
2025-03-13,-0.010429250650673998,0.0009849873015182007,7.924311279774853e-05,0.08836070075558795,12,2024-12-12,2025-03-12
2025-03-14,0.03682358575214468,0.0018439231032391387,0.0005823718281338125,0.06818682235476839,10,2024-12-13,2025-03-13
2025-03-17,0.013568786980424264,0.001049438358576084,7.933845774444197e-05,0.09554341788198473,12,2024-12-16,2025-03-14
2025-03-18,-0.008044888181777175,0.0012139497833266015,8.030602858820946e-05,0.11332395109841616,11,2024-12-17,2025-03-17
2025-03-19,0.008779511953091916,0.0012012672376999459,8.134416227162792e-05,0.11119230785945648,11,2024-12-18,2025-03-18
2025-03-20,0.0019548535627906746,0.002007600612780287,8.110865833977146e-05,0.20088618181145548,11,2024-12-19,2025-03-19
2025-03-21,0.00026676211605489836,0.00209602044693874,8.14211436934134e-05,0.21029930673190772,11,2024-12-20,2025-03-20
2025-03-24,0.003221373389957442,0.0020040892526475133,8.122884184171858e-05,0.2003479133764122,11,2024-12-23,2025-03-21
2025-03-25,0.003867367130272004,0.0020695079946752575,8.161427200314492e-05,0.20711561686063099,11,2024-12-24,2025-03-24
2025-03-26,-0.0030450954902195397,0.0020342701335965656,8.363637101393456e-05,0.20074343799018524,11,2024-12-26,2025-03-25
2025-03-27,-0.0010943169661750461,0.001939217696740711,8.532282484451513e-05,0.1884592713015193,11,2024-12-27,2025-03-26
2025-03-28,-0.013604187430481555,0.002084657413226005,8.581666965897867e-05,0.20361614129572825,11,2024-12-30,2025-03-27
2025-03-31,0.004987732346307585,0.0020476364944534142,8.491312901780384e-05,0.2006790545365271,11,2024-12-31,2025-03-28
2025-04-01,0.0062281111338814655,0.0021264048889328563,8.508224281891402e-05,0.2090190169718779,11,2025-01-02,2025-03-31
2025-04-02,0.005286075211833853,0.0021759647411449747,8.493852073120057e-05,0.2145732455645442,11,2025-01-03,2025-04-01
2025-04-03,0.0005629123181950758,0.0021326166932652485,8.503913623373661e-05,0.20974559614857474,11,2025-01-06,2025-04-02
2025-04-04,-0.06271394090317592,0.00247909153728573,8.35022758097192e-05,0.24958298365008652,11,2025-01-07,2025-04-03
2025-04-07,-0.0033349220105688532,0.002597058406519216,0.0005914646665391609,0.09862833480015276,10,2025-01-08,2025-04-04
2025-04-08,-0.02646742725511933,0.002586146761340061,0.0006121480071244334,0.09650675953109022,10,2025-01-10,2025-04-07
2025-04-09,0.080167771878121,0.0029527852218754953,0.0006065780345395389,0.11183541040572682,10,2025-01-13,2025-04-08
2025-04-10,-0.021907200612784266,0.004318265514713858,0.0008017802704898834,0.14549699264388524,10,2025-01-14,2025-04-09
2025-04-11,0.010538919966282874,0.003948962397092353,0.0007679093024411279,0.13534429642655485,10,2025-01-15,2025-04-10
2025-04-14,0.004488588214255554,0.0038652621263936186,0.0007263165348532133,0.13605988817570844,10,2025-01-16,2025-04-11
2025-04-15,0.00035865195571812533,0.003837822648403767,0.0006949569951618618,0.13805495892484415,10,2025-01-17,2025-04-14
2025-04-16,-0.012883396508764487,0.003966301280530425,0.0007085165777215638,0.14155429212234186,10,2025-01-21,2025-04-15
2025-04-17,0.015336527692890591,0.0038357178434035104,0.0008097022365338859,0.12782537219435164,10,2025-01-22,2025-04-16
2025-04-21,-0.025294791446385235,0.004341443872307796,0.000775617344849864,0.14876283401613943,10,2025-01-23,2025-04-17
2025-04-22,0.04044056831358822,0.004058964438621504,0.0007751894137293529,0.13865816843335946,10,2025-01-24,2025-04-21
2025-04-23,-0.00035278355431291324,0.004526807856709086,0.0007964538917916275,0.1533721768457375,10,2025-01-27,2025-04-22
2025-04-24,0.004625779102373382,0.004493566812043802,0.0007966459304649633,0.15217597001942845,10,2025-01-28,2025-04-23
2025-04-25,0.0005238062579535577,0.0047096634258571475,0.0008035168485396766,0.15914737134206228,10,2025-01-29,2025-04-24
2025-04-28,-0.011038781134703171,0.004467433380884559,0.0008022866282664164,0.15071743013395403,10,2025-01-30,2025-04-25
2025-04-29,-0.0006638146974111645,0.0040471626346308825,0.0008046572528922405,0.13567949800179172,10,2025-01-31,2025-04-28
2025-04-30,0.0012594912579814701,0.004395352003874,0.0007938002930621249,0.14896253680620736,10,2025-02-03,2025-04-29
2025-05-01,-0.0026399972810967004,0.004741276912012912,0.0007841536221865836,0.16222925654383724,10,2025-02-04,2025-04-30
2025-05-02,-0.009238315420563964,0.004864568419412871,0.0007813301797278624,0.1669328956287814,10,2025-02-05,2025-05-01
2025-05-05,-0.005936006560629792,0.004944834042990767,0.0007493533140601529,0.17338957040909025,10,2025-02-06,2025-05-02
2025-05-06,0.016856522560515716,0.004991826942309157,0.000748119662771832,0.17525056459184535,10,2025-02-07,2025-05-05
2025-05-07,0.007670499557758096,0.004996157446516375,0.0007323636838623746,0.17728571238285176,10,2025-02-10,2025-05-06
2025-05-08,-0.00980502411931447,0.005168817816681212,0.0007315062656778204,0.1837734468449348,10,2025-02-11,2025-05-07
2025-05-09,0.020552760329791062,0.004980371493703674,0.0007848307621819574,0.17069382853896478,10,2025-02-12,2025-05-08
2025-05-12,0.013031654862411798,0.005524931061223468,0.0007836825596556276,0.19027132216906906,10,2025-02-13,2025-05-09
2025-05-13,0.00821737515937297,0.005162817789307733,0.0007456112523803694,0.18180716048762902,10,2025-02-14,2025-05-12
2025-05-14,0.014698959045541854,0.005406853764627123,0.000744017586507059,0.1909484565444152,10,2025-02-18,2025-05-13
2025-05-15,0.008997855175360626,0.005505423717635439,0.0008013622832886024,0.1874716227955535,10,2025-02-19,2025-05-14
2025-05-16,0.00681661504001112,0.00479610405430799,0.0007628763149213132,0.1664610946696585,10,2025-02-20,2025-05-15
2025-05-19,-0.017777614587648587,0.005136295854112261,0.0007767233308037455,0.17717711767825747,10,2025-02-21,2025-05-16
2025-05-20,0.005313869291199534,0.003423150419584015,0.0005805046509368565,0.13384173080293207,10,2025-02-24,2025-05-19
2025-05-21,-0.015265503773134518,0.00380311554638919,0.0005715586099625708,0.15077838324202888,10,2025-02-25,2025-05-20
2025-05-22,-0.00037316176170830223,0.0042770338390717404,0.0005394690569116211,0.17560225736751017,10,2025-02-26,2025-05-21
2025-05-23,0.005912230035662389,0.004211301584949191,0.000539483177812912,0.17276993874297078,10,2025-02-27,2025-05-22
2025-05-27,0.027478920854513433,0.004498266850605985,0.0005071531701507317,0.19093438676032612,10,2025-02-28,2025-05-23
2025-05-28,-0.026809568736304256,0.004791226538178521,0.0005681315740595075,0.1926878707667669,10,2025-03-03,2025-05-27
2025-05-29,0.09939530055696555,0.004994493987815041,0.0007429471633945187,0.1759574134841985,10,2025-03-04,2025-05-28
2025-05-30,0.02160368312218812,0.006689509871718482,0.0008742203936507832,0.21953695818243552,10,2025-03-05,2025-05-29
2025-06-02,0.008143003657399516,0.006944743486240429,0.0009473091758536269,0.21919051567973974,10,2025-03-06,2025-05-30
2025-06-03,0.006437511856811037,0.007497593213226791,0.0010452437703840365,0.2257695196528403,10,2025-03-07,2025-06-02
2025-06-04,0.014319404224466415,0.0070484745447901755,0.00103360835590862,0.2130671444378972,10,2025-03-10,2025-06-03
2025-06-05,0.014006195701164292,0.007549720174978148,0.0008695723346009603,0.2492939445146749,10,2025-03-11,2025-06-04
2025-06-06,0.014888548902702626,0.007846274500674207,0.001142478382290001,0.22626429914670637,10,2025-03-12,2025-06-05
2025-06-09,-0.005538893676749802,0.007977038645900988,0.001071589354312398,0.23762311864950522,10,2025-03-13,2025-06-06
2025-06-10,0.0012064381840011984,0.008681877772405137,0.0010926830399510376,0.25664107974442507,10,2025-03-14,2025-06-09
2025-06-11,0.030133513673618755,0.007722493066643668,0.0010503148460480221,0.2321633556494886,10,2025-03-17,2025-06-10
2025-06-12,0.008357656614638996,0.008273664778227899,0.0010563489443708904,0.2484576571181658,10,2025-03-18,2025-06-11
2025-06-13,-0.012279986067780437,0.008897527513479738,0.0009870799176109218,0.2768846650165306,10,2025-03-19,2025-06-12
2025-06-16,0.02154127420410949,0.008332129066837238,0.0009916867698671879,0.2582865331275845,10,2025-03-20,2025-06-13
2025-06-17,-0.002391283623447498,0.008849118846410412,0.0009889282040579177,0.27508643620895595,10,2025-03-21,2025-06-16
2025-06-18,-0.005972539913217487,0.00842855262169742,0.0009876718079808058,0.2618791295600482,10,2025-03-24,2025-06-17
2025-06-20,-0.009253829121590213,0.007890552486150216,0.000947260652880969,0.24992656343560002,10,2025-03-25,2025-06-18
2025-06-23,0.018244953816541728,0.007610713159478815,0.0009522814022124359,0.24019853958170348,10,2025-03-26,2025-06-20
2025-06-24,0.008955414254462299,0.008219976454508898,0.0009858088413602203,0.25548339804942233,10,2025-03-27,2025-06-23
2025-06-25,0.004831984005247302,0.008402271278140647,0.0010237372234104048,0.25640348076998104,10,2025-03-28,2025-06-24
2025-06-26,0.007407767854733727,0.008777310632339162,0.0010122884891575427,0.26963691544234075,10,2025-03-31,2025-06-25
2025-06-27,0.01068354829371535,0.009151322949529505,0.001002569048730253,0.2827529098821843,10,2025-04-01,2025-06-26
2025-06-30,-0.003498201339692341,0.00897063109074159,0.000999980563602647,0.27740459753066016,10,2025-04-02,2025-06-27
2025-07-01,-0.009365403639682563,0.008338145658121257,0.0009912047018165193,0.25854043733681137,10,2025-04-03,2025-06-30
2025-07-02,0.013998450421455384,0.010239726519773165,0.0009465012393232916,0.3263848152570072,10,2025-04-04,2025-07-01
2025-07-03,0.01077306947777605,0.011142677220644373,0.0009029718300223888,0.36420799828529615,10,2025-04-07,2025-07-02
2025-07-07,-0.01679459292062192,0.011295239572372594,0.0007066716764111493,0.41743606354043655,10,2025-04-08,2025-07-03
2025-07-08,-0.029107957037854435,0.011589502298629782,0.0006844883492366581,0.4353937957036412,10,2025-04-09,2025-07-07
2025-07-09,0.007994072289353229,0.009207292013783897,0.0005295475612747485,0.3914878436352517,10,2025-04-10,2025-07-08
2025-07-10,-0.0018862191109462953,0.0035400037288231215,5.646266711141118e-05,0.44470559783082186,14,2025-04-11,2025-07-09
2025-07-11,-0.02542038660589242,0.009686073987098117,0.00048069658751766095,0.4327366217934979,10,2025-04-14,2025-07-10
2025-07-14,-0.0026675158159750172,0.009263459212348057,0.0005065963033879165,0.40275322503937655,10,2025-04-15,2025-07-11
2025-07-15,0.0014504923486869064,0.00926092031292144,0.0005056077688548418,0.4030338408574791,10,2025-04-16,2025-07-14
2025-07-16,0.017927559403215033,0.009736122677380082,0.0004921790130055256,0.4299149670312567,10,2025-04-17,2025-07-15
2025-07-17,0.01951032125921577,0.009590429333318905,0.0004981421315991425,0.4208062812357347,10,2025-04-21,2025-07-16
2025-07-18,0.028409308361895737,0.009888119907019757,0.0004932293638131317,0.4363009819117201,10,2025-04-22,2025-07-17
2025-07-21,-0.0045855687263087605,0.0031684507435306643,4.250368101447716e-05,0.45556330402073814,15,2025-04-23,2025-07-18
2025-07-22,0.0011051622215314779,0.0027718636175675018,3.996072099090763e-05,0.40709824040940096,15,2025-04-24,2025-07-21
2025-07-23,-0.0032712994841995286,0.002830716876382919,4.077991166724493e-05,0.412204687259026,13,2025-04-25,2025-07-22
2025-07-24,-0.0008602155070848911,0.0026266521462789795,3.9291263728284925e-05,0.38738562818708344,14,2025-04-28,2025-07-23
2025-07-25,0.0009091839943570682,0.00253866410550667,3.8617577874777625e-05,0.37659104836545887,14,2025-04-29,2025-07-24
2025-07-28,-0.0028687963557380456,0.0025913189776091677,3.940922967047069e-05,0.38117701914885876,13,2025-04-30,2025-07-25
2025-07-29,-0.011467579697921037,0.00886265071549391,0.0004883052515254882,0.3920890149162283,10,2025-05-01,2025-07-28
2025-07-30,0.019318968400587232,0.008454442557081193,0.0004948475537946978,0.3711380991756304,10,2025-05-02,2025-07-29
2025-07-31,0.01613049020582795,0.007950705166370168,0.00046797511106290603,0.35835937361042874,10,2025-05-05,2025-07-30
2025-08-01,-0.05694877056936109,0.008554782689060039,0.0002822410096868182,0.49740208296946264,10,2025-05-06,2025-07-31
2025-08-04,0.014560010864703533,0.002527659909055833,4.591972274339669e-05,0.34372882151714745,15,2025-05-07,2025-08-01
2025-08-05,-0.026125843184141493,0.00819510624205679,0.0003576884103416913,0.4228224285613144,10,2025-05-08,2025-08-04
2025-08-06,0.02851791325034219,0.007654706909886834,0.0003772953105802531,0.3838683714453765,10,2025-05-09,2025-08-05
2025-08-07,-0.023264798247944043,0.008110897656663939,0.00038372012927414775,0.40392952994268055,10,2025-05-12,2025-08-06
2025-08-08,-0.017537012927182866,0.006899090197166339,0.00034303229197318007,0.3617855452604067,10,2025-05-13,2025-08-07
2025-08-11,0.017587349061404606,0.006173229313694842,0.00027125775540803865,0.362771779650056,10,2025-05-14,2025-08-08
2025-08-12,0.014582686446144168,0.006300163665987125,0.00033872103016775675,0.33153806283010157,10,2025-05-15,2025-08-11
2025-08-13,0.008831457960457515,0.006471096363765504,0.00033976138621653613,0.34030346731138933,10,2025-05-16,2025-08-12
2025-08-14,-0.0052280055517058225,0.0021154533247390857,4.2542776730528136e-05,0.29391272796810936,14,2025-05-19,2025-08-13
2025-08-15,-0.022880749043433457,0.006401020966583652,0.0005012623222716056,0.27703958048434296,10,2025-05-20,2025-08-14
2025-08-18,0.016000184205858983,0.006414532737103668,0.00035684165391744764,0.32906494396141944,10,2025-05-21,2025-08-15
2025-08-19,-0.022860930930933276,0.007332576683843557,0.00030599419715168503,0.40783687459772083,11,2025-05-22,2025-08-18
2025-08-20,0.005167440839607197,0.006878138150314493,0.00032066880208765224,0.3730184004681211,10,2025-05-23,2025-08-19
2025-08-21,0.00035968520180058714,0.006860998566649806,0.0003213004235877849,0.37169538409498426,10,2025-05-27,2025-08-20
2025-08-22,0.02007571684405723,0.006273436785756161,0.00030756263769984984,0.3464026560791528,10,2025-05-28,2025-08-21
2025-08-25,-0.014363441008377702,0.0070796623086799215,0.00029000506444313163,0.40407735998815186,10,2025-05-29,2025-08-22
2025-08-26,-0.0008264126773287018,0.0063391632553036195,0.0003241031358408369,0.3410985218154397,10,2025-05-30,2025-08-25
2025-08-27,0.0018457031188642548,0.005906532863997048,0.00027941354727834363,0.3414832256498811,10,2025-06-02,2025-08-26
2025-08-28,0.011248030374849725,0.005765043309500352,0.0003132349212993469,0.31452655206735597,10,2025-06-03,2025-08-27
2025-08-29,-0.009305719402071335,0.0023161840163539327,4.535813080275743e-05,0.31444991462067656,12,2025-06-04,2025-08-28
2025-09-02,-0.033860797965817126,0.006175110191725771,0.00039571281917912926,0.30044931134133207,10,2025-06-05,2025-08-29
2025-09-03,0.008194417203591892,0.005537986829508909,0.00030490484856556156,0.30579082638596194,10,2025-06-06,2025-09-02
2025-09-04,0.009174163261144782,0.005339115156416474,0.0002887665460740667,0.3025164714008215,10,2025-06-09,2025-09-03
2025-09-05,-0.015079615159684586,0.002161976201315428,4.2722670421909694e-05,0.30041094338253715,14,2025-06-10,2025-09-04
2025-09-08,-0.002987818714187963,0.0017705789217898832,4.294289016899107e-05,0.23991246881172273,11,2025-06-11,2025-09-05
2025-09-09,-0.001658860705420725,0.0017564086626996283,4.311565331074316e-05,0.2372732812682271,13,2025-06-12,2025-09-08
2025-09-10,-0.020061651593840466,0.0049214907143740804,0.0003793114757680012,0.24250858971411415,10,2025-06-13,2025-09-09
2025-09-11,-0.00963407955495921,0.004888286604494668,0.00038137928169532526,0.2401500137284401,10,2025-06-16,2025-09-10
2025-09-12,-0.004798521136114244,0.0016752657323992526,4.206869491120592e-05,0.22769723309671272,14,2025-06-17,2025-09-11
2025-09-15,0.002561769668585898,0.0017007176004449022,4.0437025473491385e-05,0.2362481828410036,14,2025-06-18,2025-09-12
2025-09-16,0.0003687940612378056,0.0017795736197777612,4.0727542266209805e-05,0.2477604401140214,14,2025-06-20,2025-09-15
2025-09-17,0.004238938837966892,0.001919979115343156,4.086150110690005e-05,0.26931876659793735,13,2025-06-23,2025-09-16
2025-09-18,-0.010268238531015255,0.0019002169623513025,4.1369706893792284e-05,0.26458692485031954,13,2025-06-24,2025-09-17
2025-09-19,-0.00538536570893315,0.0016603689855606615,4.418132712485727e-05,0.21994546014261718,12,2025-06-25,2025-09-18
2025-09-22,-0.009034257458618617,0.0018303850344192506,4.410457339460605e-05,0.24573723834576514,11,2025-06-26,2025-09-19
2025-09-23,-0.006027594888189636,0.0016742083310332429,4.5676569420068525e-05,0.2183632126334869,12,2025-06-27,2025-09-22
2025-09-24,0.0034102490356606183,0.0013040391560197324,4.2345281463853644e-05,0.1699049000865044,13,2025-06-30,2025-09-23
2025-09-25,-0.007662557951750852,0.0012834060572871348,4.2420680525982534e-05,0.16658590694009112,12,2025-07-01,2025-09-24
2025-09-26,0.009895090884053076,0.003154044438670299,0.0003496840102917427,0.15805652608172416,10,2025-07-02,2025-09-25
2025-09-29,0.032296883979572096,0.0032280778839804277,0.0002475137175266524,0.19257282306332796,10,2025-07-03,2025-09-26
2025-09-30,-0.011505220762396682,0.003642899323052715,0.00026133132846585565,0.21307316742267454,10,2025-07-07,2025-09-29
2025-10-01,-0.01143664419484893,0.0032731737138046997,0.0002642495789623487,0.1891490704641032,10,2025-07-08,2025-09-30
2025-10-02,0.007643665946512822,0.0033913549402247397,0.0002478553502614763,0.20281118878795212,10,2025-07-09,2025-10-01
2025-10-03,-0.021480864328620893,0.00344517695127575,0.00024094185319424867,0.20916770422443468,10,2025-07-10,2025-10-02
2025-10-06,0.010430475971872074,0.0033264632510494985,0.00026751297252356377,0.19124995290567623,10,2025-07-11,2025-10-03
2025-10-07,0.015207602536467453,0.0037913830584498376,0.00026482177304028114,0.2207886720562004,10,2025-07-14,2025-10-06
2025-10-08,0.020829281531741465,0.004037464572870013,0.00027136146774890815,0.23305041897456774,10,2025-07-15,2025-10-07
2025-10-09,0.006988282734387159,0.0044226833359845355,0.0002713786899105317,0.25642706470810817,10,2025-07-16,2025-10-08
2025-10-10,-0.05391676719047402,0.0045183788833653765,0.0002620782930299008,0.2668485325835083,10,2025-07-17,2025-10-09
2025-10-13,0.008586267394594562,0.003478692919594779,0.00031478616717253146,0.18488561534265263,10,2025-07-18,2025-10-10
2025-10-14,0.008332352436775412,0.0034137535003447577,0.00031753823463753533,0.18043841196254368,10,2025-07-21,2025-10-13
2025-10-15,0.013673195800976872,0.003826357280577009,0.00029410837005859364,0.21154703843770634,10,2025-07-22,2025-10-14
2025-10-16,0.007102611011193018,0.0038365643614838587,0.00029433199990889917,0.2120616109548934,10,2025-07-23,2025-10-15
2025-10-17,0.00578609112437612,0.003784286824539703,0.00029458703149907637,0.20892394894057204,11,2025-07-24,2025-10-16
2025-10-20,-0.01227662315653938,0.0036613448760883798,0.0002931921828558507,0.20224034147720052,10,2025-07-25,2025-10-17
2025-10-21,-0.008027986382364,0.0035103689008549595,0.00024576184262931403,0.21126490317735636,10,2025-07-28,2025-10-20
2025-10-22,-0.011971964618165807,0.0014419317048807343,3.9077514324525845e-05,0.19892481148751964,13,2025-07-29,2025-10-21
2025-10-23,0.0008118644818189053,0.0013211771630629748,3.8585555211146166e-05,0.18074915471153122,12,2025-07-30,2025-10-22
2025-10-24,0.0004438974169230429,0.0013787714724128172,3.9466977640449435e-05,0.18788715523724084,14,2025-07-31,2025-10-23
2025-10-27,0.001831994773797396,0.0014632434060893713,3.8213726724055345e-05,0.204608040915912,15,2025-08-01,2025-10-24
2025-10-28,-0.0074846636420968235,0.0014867403417360532,3.846751173124091e-05,0.2077204577573265,13,2025-08-04,2025-10-27
2025-10-29,-0.0209769966639817,0.0034337552188882367,0.00035788797522675063,0.17101992430172225,10,2025-08-05,2025-10-28
2025-10-30,-0.029023463839891867,0.003721464481731885,0.0003177526389273575,0.1976398161454322,10,2025-08-06,2025-10-29
2025-10-31,0.006077971455490441,0.0032056595452373926,0.000311366231866494,0.17042500690915563,11,2025-08-07,2025-10-30
2025-11-03,-0.006731329586297481,0.0025819769400007714,0.00034887256537863455,0.12761256845011815,10,2025-08-08,2025-10-31
2025-11-04,-0.01137461612505511,0.0023500911152132095,0.00034550238444451184,0.11575821910771003,10,2025-08-11,2025-11-03
2025-11-05,0.0057660033268420625,0.001669086570866933,0.0001608487847239393,0.11595980637825057,10,2025-08-12,2025-11-04
2025-11-06,-0.08474238454185966,0.001544016507141485,0.00014713977252502023,0.11093080485141732,10,2025-08-13,2025-11-05
2025-11-07,-0.01252697354157113,0.0007242991925474306,0.00012390435229377023,0.047244225371180906,10,2025-08-14,2025-11-06
2025-11-10,0.005589141244369983,0.0007910024625238907,8.892221735185036e-05,0.06284185541100375,10,2025-08-15,2025-11-07
2025-11-11,0.016954137724731932,0.0008235222166029145,8.916219949358e-05,0.06620117845779767,10,2025-08-18,2025-11-10
2025-11-12,-0.009057654450249522,0.0011429691717130697,9.332381680604689e-05,0.09777586752700318,10,2025-08-19,2025-11-11
2025-11-13,-0.03178549602227326,0.0012443512747354996,0.0003515953099083233,0.05578078760262837,10,2025-08-20,2025-11-12
2025-11-14,-0.008578732545792068,0.0009992340639464782,0.00010010157980804658,0.08004149307402103,10,2025-08-21,2025-11-13
2025-11-17,-0.004525208475846602,0.0009073140036893028,9.82652129081899e-05,0.07151314402198608,11,2025-08-22,2025-11-14
2025-11-18,-0.001764639778459625,0.0008348591461589245,7.315352608169448e-05,0.07441221454685575,10,2025-08-25,2025-11-17
2025-11-19,-0.005588139839928713,0.0010756992947323523,6.681200939429298e-05,0.10732829293965504,10,2025-08-26,2025-11-18
2025-11-20,-0.0073225066458845,0.0009996869531108232,6.748300881140616e-05,0.09754027252288251,10,2025-08-27,2025-11-19
2025-11-21,0.010551638002926234,0.0009166890851512475,7.384281071212482e-05,0.08358675678701448,10,2025-08-28,2025-11-20
2025-11-24,0.002241231012013786,0.0010638623488839313,8.046849710925124e-05,0.09647812551694561,10,2025-08-29,2025-11-21
2025-11-25,0.015718379593993498,0.0011258093454112254,8.220085413550005e-05,0.1022886275322153,10,2025-09-02,2025-11-24
2025-11-26,0.00444585277752654,0.0012823411891349534,8.805037709008886e-05,0.11551410484674378,10,2025-09-03,2025-11-25
2025-11-28,0.0017485085710047255,0.0013131550226039115,8.821806577526193e-05,0.11868496888264804,10,2025-09-04,2025-11-26
2025-12-01,0.0005671302998693571,0.0012915074468466752,8.5068854071736e-05,0.11851477921573438,10,2025-09-05,2025-11-28
2025-12-02,-0.0083857613969411,0.0017168200355163667,0.00010383677259938064,0.14900906815282752,10,2025-09-08,2025-12-01
2025-12-03,-0.0007388227087882563,0.0014607150194795237,0.00010223887387097121,0.12484045644364522,10,2025-09-09,2025-12-02
2025-12-04,-0.0061151583038417156,0.0014769200307832293,0.00010213383306103328,0.12650812039009163,10,2025-09-10,2025-12-03
2025-12-05,0.01471779852577322,0.0015464208602373572,0.00011030639898704675,0.12834890388270354,10,2025-09-11,2025-12-04
2025-12-08,-0.01662586861839318,0.001642218656560927,0.00014185807154130323,0.12122209914836307,10,2025-09-12,2025-12-05
2025-12-09,0.0033733843847417113,0.0015258347469888907,0.00020033548454952168,0.0937842875506901,10,2025-09-15,2025-12-08
2025-12-10,0.007680308661966338,0.001545776327540403,0.00017943320021271067,0.10058504512649373,10,2025-09-16,2025-12-09
2025-12-11,-0.003306545510515971,0.0016685635851461072,0.0002030433521623455,0.10317334705061518,10,2025-09-17,2025-12-10
2025-12-12,0.043428848479443206,0.0015754296842378733,0.00019931393104720372,0.09753724105591088,10,2025-09-18,2025-12-11
2025-12-15,0.004946347288324881,0.0020812046178979777,0.00019276194526487685,0.1356099864091196,10,2025-09-19,2025-12-12
2025-12-16,0.0009368256194142435,0.0022013400811450906,0.00019264653130754807,0.1443060715346966,10,2025-09-22,2025-12-15
2025-12-17,-0.0006394717778124642,0.002105958530899973,0.00019215722679940294,0.13760892976229525,10,2025-09-23,2025-12-16
2025-12-18,0.02645878045970134,0.002128111541415417,0.0002354832040175274,0.12575045510711869,10,2025-09-24,2025-12-17
2025-12-19,0.0009401764063055968,0.0012079204383500027,5.8843679011270556e-05,0.1316011663976131,11,2025-09-25,2025-12-18
2025-12-22,0.006616823516055455,0.00134125145318687,5.972708390976783e-05,0.14787654596580277,12,2025-09-26,2025-12-19
2025-12-23,-0.0024133419783942626,0.0012801965792783479,5.906764832215754e-05,0.1407555927556832,12,2025-09-29,2025-12-22
2025-12-24,0.0028398117424451507,0.0011897877510485151,6.116957175514495e-05,0.1267565062537865,11,2025-09-30,2025-12-23
2025-12-26,0.0002545101943198978,0.001289612450546184,6.157587048997629e-05,0.13905895872773227,11,2025-10-01,2025-12-24
2025-12-29,0.00011290354262994708,0.0013356188636474069,6.111271716484069e-05,0.1454699880553422,12,2025-10-02,2025-12-26
2025-12-30,-0.002279076355450247,0.001305831428076669,6.156098424048978e-05,0.1411429146470421,11,2025-10-03,2025-12-29
2025-12-31,-0.007838910904892433,0.001373282249355492,6.148813962646424e-05,0.14982833941739077,11,2025-10-06,2025-12-30
2026-01-02,0.008853707037058338,0.002650733963033224,0.00027400253170666,0.1481494602605571,10,2025-10-07,2025-12-31
2026-01-05,-0.006933346269864611,0.003041964563127378,0.0002691501190946346,0.17332605930599834,10,2025-10-08,2026-01-02
2026-01-06,0.02952286033731816,0.0028999856247650087,0.0003020781350885309,0.1554379454348664,10,2025-10-09,2026-01-05
2026-01-07,-0.006375289065756279,0.0031978635638811076,0.00031271768094208035,0.16961549777111323,10,2025-10-10,2026-01-06
2026-01-08,0.003157045858181818,0.0034957155926524696,0.0003014148691875853,0.18992253782804244,10,2025-10-13,2026-01-07
2026-01-09,-0.017240661956879903,0.0030830806280850755,0.0002652458656550216,0.17712159399202612,10,2025-10-14,2026-01-08
2026-01-12,-0.001945835859140626,0.0028901177354232915,0.0002222746115541206,0.18054378140886682,10,2025-10-15,2026-01-09
2026-01-13,0.005287981330426938,0.002962371264109801,0.0002468624300479211,0.17591546702438823,10,2025-10-16,2026-01-12
2026-01-14,-0.019484026867299165,0.00317180653576249,0.0002451320691376653,0.18991198304395215,10,2025-10-17,2026-01-13
2026-01-15,0.004419346256497859,0.0028040743342185046,0.00022480472419424694,0.17378620480096862,10,2025-10-20,2026-01-14
2026-01-16,-0.0032200960542750068,0.002808074662141867,0.00022481687376175462,0.17404830597598367,10,2025-10-21,2026-01-15
2026-01-20,0.005285861423210851,0.00248127420295943,0.00016353677931740614,0.1785138189971596,10,2025-10-22,2026-01-16
2026-01-21,0.008980793437014306,0.0027069945050606616,0.00017434881062522903,0.18998476256756655,10,2025-10-23,2026-01-20
2026-01-22,-0.0014950882085310593,0.002730189651127384,0.00015938269686658534,0.20054177430884357,11,2025-10-24,2026-01-21
2026-01-23,0.002582062969931523,0.0029866106070467998,0.00020089672040083677,0.19671486109193043,10,2025-10-27,2026-01-22
2026-01-26,-0.019387834057096126,0.002887719419752653,0.00015927522158472118,0.21309154826723525,10,2025-10-28,2026-01-23
2026-01-27,-0.006216530818588319,0.002732814247893057,0.00015838151878502338,0.20138316882941754,10,2025-10-29,2026-01-26
2026-01-28,-0.00823810866082822,0.0022830610576540606,5.948417418822361e-05,0.2702913106833486,11,2025-10-30,2026-01-27
2026-01-29,0.0006046866696866492,0.002337138829182076,5.9689749928578184e-05,0.2768249883503788,11,2025-10-31,2026-01-28
2026-01-30,0.0067773018936469935,0.0022980674080817273,5.850920969794301e-05,0.27449583474440126,11,2025-11-03,2026-01-29
2026-02-02,0.0022846992110761126,0.0024770468676295425,5.803406796410379e-05,0.2991114876634141,11,2025-11-04,2026-01-30
2026-02-03,0.002398938678056154,0.002473045589626382,5.828676908955124e-05,0.29793828794037114,10,2025-11-05,2026-02-02
2026-02-04,-0.003874601929909891,0.0022567317732650888,5.473715241672396e-05,0.27820926742725427,10,2025-11-06,2026-02-03
2026-02-05,-0.006113321280318116,0.0028696886561934373,5.069378758888164e-05,0.3751814684712308,12,2025-11-07,2026-02-04
2026-02-06,0.009990434207435577,0.0026029857879149216,5.064722336126521e-05,0.3378781875390026,12,2025-11-10,2026-02-05
2026-02-09,-0.009190952998686438,0.002755988027002376,5.137050838967705e-05,0.35683832815860816,11,2025-11-11,2026-02-06
2026-02-10,-0.008570397099801086,0.00223139039791292,4.666104001807609e-05,0.29761540087034266,12,2025-11-12,2026-02-09
2026-02-11,0.00029088535304005824,0.0021459939340752365,4.664419684335487e-05,0.2851653576050792,12,2025-11-13,2026-02-10
2026-02-12,-0.003950042999331431,0.002181136625157136,4.740618623341618e-05,0.2879683328149682,12,2025-11-14,2026-02-11
2026-02-13,-0.001432013228905605,0.0023098860020963796,5.315349107796311e-05,0.2896140933524462,12,2025-11-17,2026-02-12
2026-02-17,0.01305895324704787,0.002538760919691121,5.446228285011266e-05,0.3171265146488386,13,2025-11-18,2026-02-13
2026-02-18,-0.0010545286523562258,0.0026065671937160863,5.441486451282459e-05,0.32645668306518905,13,2025-11-19,2026-02-17
2026-02-19,-0.005145766914209929,0.0027428011076108135,5.3936136255261e-05,0.34645232999630765,11,2025-11-20,2026-02-18
2026-02-20,0.012001410515717093,0.00274356096374043,5.395201929133586e-05,0.34650477915761024,12,2025-11-21,2026-02-19
2026-02-23,0.0011623893997095497,0.002669223790840803,5.2115709910979514e-05,0.3422592602620136,12,2025-11-24,2026-02-20
2026-02-24,0.010055451623230523,0.002836885092456734,5.181741447737855e-05,0.3665343481684812,11,2025-11-25,2026-02-23
2026-02-25,-0.002918507368110215,0.0027317157016150304,4.974097967855025e-05,0.3591947368324817,11,2025-11-26,2026-02-24
2026-02-26,0.012027694062045041,0.0025603037947616934,4.9566266288454076e-05,0.3354800970325816,11,2025-11-28,2026-02-25
2026-02-27,2.9382011772554825e-06,0.0026572136376795197,4.957647748298286e-05,0.3492090829475873,11,2025-12-01,2026-02-26
2026-03-02,-0.025016746946143673,0.002598331470512636,4.8068603897582746e-05,0.3461511527062124,11,2025-12-02,2026-02-27
2026-03-03,-0.0160727346791415,0.0022864594233100973,5.0462050813236145e-05,0.29393936957278755,11,2025-12-03,2026-03-02
2026-03-04,-0.0017643886010169987,0.0016785179597287082,4.663203427876248e-05,0.21674566255474692,13,2025-12-04,2026-03-03
2026-03-05,-0.009717257217862988,0.0017138449683848569,4.6677818495325655e-05,0.221810065031469,13,2025-12-05,2026-03-04
2026-03-06,-0.003398416358640411,0.0014003800153028238,4.786247984399872e-05,0.1737380946024555,12,2025-12-08,2026-03-05
2026-03-09,0.0007496911843363705,0.001760415200452998,4.761305604542651e-05,0.226369905798692,13,2025-12-09,2026-03-06
2026-03-10,0.0026594094834397628,0.0017291363355616512,4.801061744950522e-05,0.2209164911354412,13,2025-12-10,2026-03-09
2026-03-11,-0.007564187268888635,0.0017238308150638753,4.877223633768418e-05,0.21842510792087322,14,2025-12-11,2026-03-10
2026-03-12,-0.016435241260358727,0.0015219026561065752,4.941173288738111e-05,0.1882806121506796,15,2025-12-12,2026-03-11
2026-03-13,-0.008451791850552002,0.001552222318779234,9.661317157224098e-05,0.13773344871141843,10,2025-12-15,2026-03-12
2026-03-16,-0.002713396073842868,0.0014064363444845993,9.784739536094238e-05,0.12212393690601338,10,2025-12-16,2026-03-13
2026-03-17,0.0028026632112054667,0.0014578508239445505,9.724605639522346e-05,0.12771468378457976,10,2025-12-17,2026-03-16
2026-03-18,-0.04165601442102051,0.0015558359132048568,0.0001292764085450281,0.11938661240364108,10,2025-12-18,2026-03-17
2026-03-19,0.006022941541115249,0.0006150189012062552,0.0002231111243964611,0.027891066198126396,10,2025-12-19,2026-03-18
2026-03-20,-0.02444631518784393,0.0008583507337252474,0.0001643316396909749,0.0514804769439938,11,2025-12-22,2026-03-19
2026-03-23,0.006147627487017469,0.0005405217339504346,0.000139196854077619,0.02899678382711752,10,2025-12-23,2026-03-20
2026-03-24,-0.016476100761560187,0.0009391223156637403,0.0001628432067369277,0.05804477834454825,10,2025-12-24,2026-03-23
2026-03-25,0.0036904774803840903,0.0005931688461355976,0.00011706948552032509,0.03648438612104526,10,2025-12-26,2026-03-24
2026-03-26,-0.016931768626196685,0.000633891400903026,0.00011434816978541825,0.04072417614942829,10,2025-12-29,2026-03-25
2026-03-27,-0.027566309800716563,0.00034699072319664166,0.00011944388959288631,0.013594793268816574,10,2025-12-30,2026-03-26
2026-03-30,0.0032794957637414,-8.08756971327423e-05,0.0001323592631711184,-0.024275921078347914,10,2025-12-31,2026-03-27
2026-03-31,0.02193417319722423,0.00011894153894020603,0.00013126443537019036,-0.006936430004448609,10,2026-01-02,2026-03-30
2026-04-01,0.002508947201249712,0.0006470708658617581,0.00016989792913308667,0.03442084535496158,10,2026-01-05,2026-03-31
2026-04-02,0.011334885987467106,0.0004056325579422161,0.0001992561248811671,0.014679982299352419,10,2026-01-06,2026-04-01
2026-04-06,0.008565121051147978,0.0005264581646406462,0.0001944416755932561,0.023525526915241943,10,2026-01-07,2026-04-02
2026-04-07,-0.001578653517990809,0.0009093784864497649,0.00014035564852089749,0.060011399037327044,10,2026-01-08,2026-04-06
2026-04-08,0.019785264666648372,0.0007303853849971863,0.00021318299862740692,0.03643451965785535,10,2026-01-09,2026-04-07
2026-04-09,0.015096468189283018,0.001143056329702045,0.00021861192371102898,0.06388973327387201,10,2026-01-12,2026-04-08
2026-04-10,-0.0009863912142210913,0.0014393708954781286,0.00022123714987232166,0.08343112922078291,10,2026-01-13,2026-04-09
2026-04-13,0.002667597374731562,0.0013903367192671895,0.00024006231749056634,0.07692837739808762,10,2026-01-14,2026-04-10
2026-04-14,0.018434210731528452,0.0016405994250550593,0.0002556978545816533,0.09018990913506154,10,2026-01-15,2026-04-13
2026-04-15,0.012028523517099567,0.0019572390628800947,0.0002608503748443223,0.10889983750564809,10,2026-01-16,2026-04-14
2026-04-16,-0.00023472282479515083,0.0021997574430189055,0.0002610112144974541,0.12387746763352184,10,2026-01-20,2026-04-15
2026-04-17,-0.027059086886213127,0.0024646793709555298,0.00025718052597859323,0.14131620606013984,10,2026-01-21,2026-04-16
2026-04-20,-0.0075377918434701005,0.0020652532443502657,0.0003806618886744214,0.09568360367191033,10,2026-01-22,2026-04-17
2026-04-21,-0.020510835638459814,0.002032069850739034,0.0004866230105494517,0.08312311584009807,10,2026-01-23,2026-04-20
2026-04-22,-0.004611959509896908,0.0014596533073257627,0.0003623922386726359,0.0662534501862681,10,2026-01-26,2026-04-21
2026-04-23,-0.018110640192372178,0.0015756158083688756,0.0005313696548330893,0.05974473211853474,10,2026-01-27,2026-04-22
2026-04-24,0.015744909305149622,0.001415239901997206,0.0005268816975271068,0.053011775746218695,10,2026-01-28,2026-04-23
2026-04-27,-0.01016304136777713,0.0018689531036618994,0.0004796735553718632,0.07627532981950527,10,2026-01-29,2026-04-24
2026-04-28,-0.0174480368874545,0.001937803565615149,0.0005539001609731721,0.07390629614659343,10,2026-01-30,2026-04-27
2026-04-29,0.004900512733822445,0.0018778767413512982,0.0005271467604108244,0.07314841788168222,11,2026-02-02,2026-04-28
2026-04-30,0.008995273320754076,0.0020127665147639255,0.0004892548426135946,0.08202654403338208,10,2026-02-03,2026-04-29
2026-05-01,0.011286810459901608,0.002880679525517713,0.0005025647534498485,0.11964814317523713,10,2026-02-04,2026-04-30
2026-05-04,-0.0008624413279396505,0.0030491235250125442,0.0005037357520241173,0.12701405327331688,10,2026-02-05,2026-05-01
2026-05-05,-0.02000907622739668,0.003720914050983813,0.0004704277425380479,0.16240698493367572,10,2026-02-06,2026-05-04
2026-05-06,0.0025343580480898433,0.003292255614420227,0.0004642925618595498,0.14358279210444397,10,2026-02-09,2026-05-05
2026-05-07,-0.0151900027527013,0.0033474858939690527,0.0003127095386117867,0.17807878686894155,10,2026-02-10,2026-05-06
2026-05-08,0.016878449024026184,0.00310723631835801,0.00031813980325317355,0.16308288344950725,10,2026-02-11,2026-05-07
2026-05-11,-0.014920867360234659,0.004037856484575021,0.00045613491975406855,0.17977183470489005,10,2026-02-12,2026-05-08
2026-05-12,-0.008103432656327743,0.004797101289128745,0.0004751199084764881,0.21097567505514486,10,2026-02-13,2026-05-11
2026-05-13,-0.0223022052248284,0.004489116015851448,0.0004772355266567711,0.1964093240451814,10,2026-02-17,2026-05-12
2026-05-14,0.01434838659521254,0.003990125585439062,0.00038734301509570757,0.19265823533176946,10,2026-02-18,2026-05-13
2026-05-15,-0.012452798850378864,0.0038482831200382824,0.00046135916444464177,0.16992523076100288,10,2026-02-19,2026-05-14
2026-05-18,0.0015269374705001056,0.0037911869851304553,0.00047764763551358315,0.1643902726461917,10,2026-02-20,2026-05-15
2026-05-19,-0.009874892411967984,0.0037620516806772357,0.00047772915250412514,0.16304325122620772,10,2026-02-23,2026-05-18
2026-05-20,0.01980734368332383,0.00428272855272651,0.00047427853621449676,0.187543744467424,10,2026-02-24,2026-05-19
2026-05-21,-0.006719895483648631,0.004311220827911607,0.0004757580393323763,0.1885581807874201,10,2026-02-25,2026-05-20
2026-05-22,-0.014386335512175333,0.0041238890217735686,0.0004780800385907691,0.17953207682494696,10,2026-02-26,2026-05-21
2026-05-26,0.02420376032977722,0.0032294105579615652,0.00039459762111287327,0.15258378932431615,10,2026-02-27,2026-05-22
2026-05-27,0.01617416484690034,0.003817097507971299,0.00042284930613400794,0.17597782433732204,11,2026-03-02,2026-05-26
2026-05-28,0.01707138307684528,0.0042704944920801645,0.00041858733327623847,0.19903224864412317,10,2026-03-03,2026-05-27
2026-05-29,-0.0002713325503101705,0.004453202538868341,0.00043298617672432143,0.2044754137820137,10,2026-03-04,2026-05-28
2026-06-01,-0.012046141805392504,0.003912685206610767,0.0004126254745630657,0.1828503278134997,10,2026-03-05,2026-05-29
2026-06-02,-0.01877196094862687,0.0034247398900948307,0.00041367806166194536,0.15862701846637683,10,2026-03-06,2026-06-01
2026-06-03,-0.040540800262785504,0.0034154767637683096,0.000414061465968486,0.15809833630256112,10,2026-03-09,2026-06-02
2026-06-04,0.015086624896841011,0.0028884032630856894,0.00041122078494743557,0.1326518238917839,10,2026-03-10,2026-06-03
2026-06-05,-0.040779566185134834,0.003292220518016702,0.00045527746750085,0.14499574319815028,10,2026-03-11,2026-06-04
2026-06-08,0.010297177841537924,0.0026425612589826386,0.0004120549007260173,0.12040653418211486,10,2026-03-12,2026-06-05
2026-06-09,0.00595265814725026,0.0036845409096447185,0.0004686051385280571,0.1610422501456475,10,2026-03-13,2026-06-08
2026-06-10,-0.006847678263327763,0.00377859056488142,0.00046848256223012996,0.16540852395025232,10,2026-03-16,2026-06-09
2026-06-11,0.04389238290080762,0.003310965938386452,0.00046506609801699896,0.14433094189246493,10,2026-03-17,2026-06-10
2026-06-12,0.0023159191881413597,0.003958656801192799,0.0004957104685629991,0.16888924397104033,10,2026-03-18,2026-06-11
2026-06-15,0.04134986796774408,0.004628835099493154,0.0004656385680539456,0.20531499070919915,10,2026-03-19,2026-06-12
2026-06-16,0.015962295114624384,0.0053416710381587445,0.00048466103651159236,0.233624983441817,10,2026-03-20,2026-06-15
2026-06-17,-0.03250173914207225,0.0058670650799684055,0.0004952590052026754,0.25472034433916935,10,2026-03-23,2026-06-16
2026-06-18,0.03961649989663551,0.004732264161733071,0.00047832994934834066,0.2073020032338955,10,2026-03-24,2026-06-17
2026-06-22,-0.028030510976347855,0.005713965806154884,0.00050161235741404,0.24626628287377544,10,2026-03-25,2026-06-18
2026-06-23,0.00016891246174558335,0.005310684425470128,0.0005133616377524968,0.22563279413364704,10,2026-03-26,2026-06-22
2026-06-24,0.03526475890801307,0.005858956251355944,0.0005056403705105488,0.2517313262396258,10,2026-03-27,2026-06-23
2026-06-25,-0.00973727035477931,0.006924130031101134,0.0005256256757514418,0.2933596124883468,10,2026-03-30,2026-06-24
2026-06-26,0.03862023798984827,0.006571837493740139,0.0005228394270028958,0.27873319868998186,10,2026-03-31,2026-06-25
2026-06-29,0.013367941739299491,0.002850142946765496,8.298329186067757e-05,0.2910945057638676,11,2026-04-01,2026-06-26
2026-06-30,-0.004156181390575369,0.002976281084477719,8.274032686111747e-05,0.30538875704164076,11,2026-04-02,2026-06-29
2026-07-01,0.00972087323553077,0.002904135569055148,8.431242988472194e-05,0.29467107330099895,12,2026-04-06,2026-06-30
2026-07-02,0.015445820353647692,0.002851773280888692,8.340205688102319e-05,0.29054130817353263,12,2026-04-07,2026-07-01
2026-07-06,0.00039361499137275497,0.003831324085994991,9.748284070782966e-05,0.36795161403784865,13,2026-04-08,2026-07-02
2026-07-07,-0.00011939619957159495,0.0036808525601232742,9.69830902085517e-05,0.35361901644580296,13,2026-04-09,2026-07-06
2026-07-08,-0.01953115142445889,0.003641537610532054,9.722835452923243e-05,0.3491855844490667,15,2026-04-10,2026-07-07
2026-07-09,0.0013626854283771879,0.0032276755034248827,9.754364031381512e-05,0.3067167320354617,12,2026-04-13,2026-07-08
2026-07-10,0.0023637477972765224,0.0031272383971980007,9.768229248162517e-05,0.2963368093136003,13,2026-04-14,2026-07-09
2026-07-13,-0.0032063720843143397,0.0030191343293587227,9.785169841317069e-05,0.28515174953752936,12,2026-04-15,2026-07-10
2026-07-14,-0.005529640116120004,0.002756338385250299,9.700907363339301e-05,0.25970585454783546,13,2026-04-16,2026-07-13
2026-07-15,-0.001880121390911435,0.0026701011701787303,9.798038863374793e-05,0.24970322344009255,13,2026-04-17,2026-07-14
2026-07-16,0.008796264074309066,0.002476554310994169,9.700474217492947e-05,0.23130457866161597,13,2026-04-20,2026-07-15
2026-07-17,-0.01870526905201965,0.002658072322280866,0.00010394974664927109,0.24124776036900805,13,2026-04-21,2026-07-16
2026-07-20,-0.007939501602575784,0.0026077784023071436,0.0001012738203821745,0.23941652508407427,13,2026-04-22,2026-07-17
2026-07-21,-0.009355629380653053,0.0023398710852141334,0.0001014524442538846,0.2126074006596613,14,2026-04-23,2026-07-20
2026-07-22,-0.0011538532446821463,0.0023416997636841077,0.00010516702506340905,0.2089972368395515,12,2026-04-24,2026-07-21
2026-07-23,-0.019240792566182528,0.0022160650047743217,0.00010650953781192331,0.19550239132576983,12,2026-04-27,2026-07-22
2026-07-24,0.004554615989233396,0.0018141834720467518,9.95370086392747e-05,0.16195242356973136,13,2026-04-28,2026-07-23
2026-07-27,0.023250561757751812,0.002172605666882366,9.953035268179103e-05,0.19788452141596355,12,2026-04-29,2026-07-24
2026-07-28,0.027625615551145927,0.002187972898664079,9.762742950617453e-05,0.2013590496773237,13,2026-04-30,2026-07-27
2026-07-29,-0.00026140589427520275,0.0022697525267400443,9.787542006886753e-05,0.20937003811304866,13,2026-05-01,2026-07-28
2026-07-30,0.0033445891811736735,0.0022812836060433217,9.847494642435186e-05,0.20989373369314238,12,2026-05-04,2026-07-29
2026-07-31,-0.01773025963019742,0.002609944524067495,9.933856917937581e-05,0.24195468914465149,13,2026-05-05,2026-07-30
2026-08-03,-0.01294754367554533,0.0024451784158696496,9.986306639660232e-05,0.22483055652173548,14,2026-05-06,2026-07-31
2026-08-04,-0.004703204792122293,0.002118064196691621,0.00010133708897132841,0.19069450363975315,13,2026-05-07,2026-08-03
2026-08-05,-0.009228580251336547,0.004625955683037775,0.00045080880516010425,0.20852906172918115,10,2026-05-08,2026-08-04
2026-08-06,0.01563595864819585,0.004574281447224278,0.0004507016259926317,0.2061198048803194,10,2026-05-11,2026-08-05
2026-08-07,0.022923179799595097,0.005563694429778101,0.00041218804767113637,0.26426815487443506,10,2026-05-12,2026-08-06
2026-08-10,-0.012631432940690098,0.005937191210282799,0.00041902428724550797,0.2803495500073815,10,2026-05-13,2026-08-07
2026-08-11,-0.007242793992616003,0.006136956617793789,0.0005142555859391641,0.2618728422676318,10,2026-05-14,2026-08-10
2026-08-12,-0.017299416949420804,0.005801737476327838,0.00048391754715859875,0.2547182771154518,10,2026-05-15,2026-08-11
2026-08-13,0.005406173098005652,0.0055316612877036745,0.000492006796846171,0.24043975347168328,10,2026-05-18,2026-08-12
2026-08-14,0.0059615080058447924,0.005863334434636019,0.00047342015945658233,0.26035776728202487,10,2026-05-19,2026-08-13
2026-08-17,-0.013325811504467792,0.00638372262996366,0.0004640014227460011,0.2871453633030149,10,2026-05-20,2026-08-14
2026-08-18,0.00360857590074948,0.006421447259042319,0.0004915712811550122,0.2806783790566491,10,2026-05-21,2026-08-17
2026-08-19,0.06475521789990242,0.006010827876455765,0.0004834632740298899,0.2643473017450079,10,2026-05-22,2026-08-18
2026-08-20,-0.02216591375350574,0.007012350408244614,0.0005404428359799281,0.2931050324541864,10,2026-05-26,2026-08-19
2026-08-21,0.018496216488918645,0.006526952743911138,0.00044494343530641217,0.3000206369328127,10,2026-05-27,2026-08-20
2026-08-24,0.021340853990347814,0.0062890437476058126,0.0004356409095598891,0.29180851600822527,10,2026-05-28,2026-08-21
2026-08-25,-0.00018226428923791358,0.0064848230476548105,0.00043920127186945,0.2999652388034651,10,2026-05-29,2026-08-24
2026-08-26,0.002055118078231262,0.006690721770654123,0.00043350332071188664,0.3118192841890344,10,2026-06-01,2026-08-25
2026-08-27,-0.009350711173403659,0.007152723485294714,0.0004037044382191024,0.346116522149079,10,2026-06-02,2026-08-26
2026-08-28,-0.0044398800925217275,0.007416141280192342,0.0005014092446040387,0.3223327075909897,10,2026-06-03,2026-08-27
2026-08-31,0.011453172379908755,0.007700284708242293,0.0004895268656110347,0.3390637670376306,10,2026-06-04,2026-08-28
2026-09-01,-0.017760008234765128,0.008129524634869267,0.00046865801133171833,0.3663583165251064,10,2026-06-05,2026-08-31
2026-09-02,0.023566884560873358,0.007850930121929197,0.000505785114255804,0.34026815276283173,10,2026-06-08,2026-09-01
2026-09-03,0.004491483443975058,0.00788044818201495,0.0005067348800085192,0.34126040936161306,10,2026-06-09,2026-09-02
2026-09-04,0.0019262457577906365,0.007361472366842959,0.0004935896906161941,0.32241521390039485,10,2026-06-10,2026-09-03
2026-09-08,-0.03644695259487584,0.007195583896731462,0.0005275909182018485,0.30463082201715286,10,2026-06-11,2026-09-04
2026-09-09,-0.031725452381743346,0.0060678802132103195,0.0005490233109049484,0.2504974499972908,10,2026-06-12,2026-09-08
2026-09-10,-0.02353449691310098,0.005482281397886704,0.0005623943244640168,0.22280839525317256,10,2026-06-15,2026-09-09
2026-09-11,0.014201866714668136,0.004647029448643307,0.0005683057239624221,0.1866095973498205,10,2026-06-16,2026-09-10
2026-09-14,0.01040846127411397,0.004493315495006982,0.0005339316142444453,0.18587052223627618,10,2026-06-17,2026-09-11
2026-09-15,-0.016876498519979185,0.0056177752880472685,0.0004942389484221591,0.24376970042794024,10,2026-06-18,2026-09-14
2026-09-16,-0.015949003318338838,0.004912421252311088,0.00042851602149713165,0.22772296621399538,10,2026-06-22,2026-09-15
2026-09-17,-0.013075198474756102,0.004985087107586225,0.0004898373457644881,0.21627580596633042,10,2026-06-23,2026-09-16
2026-09-18,0.0076151819478513065,0.004711136736304561,0.00041607556717472024,0.22123440532101257,10,2026-06-24,2026-09-17
2026-09-21,0.024463572591579434,0.004635899076943592,0.000494739544983281,0.19950267275051506,10,2026-06-25,2026-09-18
2026-09-22,0.01770284667359445,0.005223330481079458,0.00041715596472405693,0.2460252768903183,10,2026-06-26,2026-09-21
2026-09-23,-0.0095823641598668,0.005143069919369086,0.0004956749424255353,0.2220944500161284,10,2026-06-29,2026-09-22
2026-09-24,-0.0009628541306359571,0.00460738971595104,0.00047530747403526824,0.20223229540675494,10,2026-06-30,2026-09-23
2026-09-25,-0.014752086032550033,0.004260863763232365,0.00033796113757061604,0.2209809104886522,10,2026-07-01,2026-09-24
2026-09-28,0.003267711903909634,0.0031711631469368107,0.0003517414042255372,0.15850636426475267,10,2026-07-02,2026-09-25
2026-09-29,0.004013206093560913,0.0033083876164262753,0.0003249176200729211,0.17253223660744277,10,2026-07-06,2026-09-28
2026-09-30,-0.010550089883236068,0.003620663580083776,0.00031930866947026007,0.19151662799038002,10,2026-07-07,2026-09-29
2026-10-01,0.010565072505426952,0.0031841999957484247,0.00033766040768553885,0.16248706475490698,10,2026-07-08,2026-09-30
2026-10-02,0.0013107817063012788,0.0037889604709359925,0.00040524954740005,0.17836081084506142,10,2026-07-09,2026-10-01
2026-10-05,0.0030132987539276995,0.003590616554896026,0.00039417942621737556,0.17085786092839747,10,2026-07-10,2026-10-02
